country,year,proven_reserves,energy_source,proven_reserves_unit
Canada,1960,5.0,Oil,Gb
Chile,1960,0.11,Oil,Gb
Mexico,1960,2.25,Oil,Gb
United States of America,1960,31.6132,Oil,Gb
Denmark,1960,0.0,Oil,Gb
Norway,1960,0.0,Oil,Gb
United Kingdom,1960,0.005,Oil,Gb
Australia,1960,0.001,Oil,Gb
China,1960,0.5,Oil,Gb
India,1960,0.75,Oil,Gb
Brunei Darussalam,1960,0.5,Oil,Gb
Indonesia,1960,9.5,Oil,Gb
Malaysia,1960,0.41,Oil,Gb
Viet Nam,1960,0.0,Oil,Gb
Argentina,1960,2.2,Oil,Gb
Brazil,1960,0.3,Oil,Gb
Colombia,1960,0.75,Oil,Gb
Ecuador,1960,0.03,Oil,Gb
Venezuela,1960,18.5,Oil,Gb
Iran,1960,35.0,Oil,Gb
Iraq,1960,27.0,Oil,Gb
Kuwait,1960,65.0,Oil,Gb
Oman,1960,0.0,Oil,Gb
Qatar,1960,2.5,Oil,Gb
Saudi Arabia,1960,53.0,Oil,Gb
United Arab Emirates,1960,0.25,Oil,Gb
Algeria,1960,5.2,Oil,Gb
Angola,1960,0.03,Oil,Gb
Congo,1960,0.01,Oil,Gb
Egypt,1960,0.55,Oil,Gb
Equatorial Guinea,1960,0.0,Oil,Gb
Gabon,1960,0.05,Oil,Gb
Libya,1960,2.0,Oil,Gb
Nigeria,1960,0.15,Oil,Gb
Sudan,1960,0.0,Oil,Gb
Russian federation & USSR,1960,23.579,Oil,Gb
Canada,1961,5.0,Oil,Gb
Chile,1961,0.15,Oil,Gb
Mexico,1961,2.5,Oil,Gb
United States of America,1961,31.7585,Oil,Gb
Denmark,1961,0.0,Oil,Gb
Norway,1961,0.0,Oil,Gb
United Kingdom,1961,0.005,Oil,Gb
Australia,1961,0.002,Oil,Gb
China,1961,0.6,Oil,Gb
India,1961,0.5,Oil,Gb
Brunei Darussalam,1961,0.5,Oil,Gb
Indonesia,1961,9.5,Oil,Gb
Malaysia,1961,0.41,Oil,Gb
Viet Nam,1961,0.0,Oil,Gb
Argentina,1961,2.4,Oil,Gb
Brazil,1961,0.325,Oil,Gb
Colombia,1961,0.75,Oil,Gb
Ecuador,1961,0.03,Oil,Gb
Venezuela,1961,17.55,Oil,Gb
Iran,1961,35.0,Oil,Gb
Iraq,1961,26.5,Oil,Gb
Kuwait,1961,65.0,Oil,Gb
Oman,1961,0.0,Oil,Gb
Qatar,1961,2.75,Oil,Gb
Saudi Arabia,1961,55.0,Oil,Gb
United Arab Emirates,1961,3.5,Oil,Gb
Algeria,1961,5.5,Oil,Gb
Angola,1961,0.03,Oil,Gb
Congo,1961,0.01,Oil,Gb
Egypt,1961,0.71,Oil,Gb
Equatorial Guinea,1961,0.0,Oil,Gb
Gabon,1961,0.05,Oil,Gb
Libya,1961,3.0,Oil,Gb
Nigeria,1961,0.3,Oil,Gb
Sudan,1961,0.0,Oil,Gb
Russian federation & USSR,1961,23.5,Oil,Gb
Canada,1962,4.6,Oil,Gb
Chile,1962,0.15,Oil,Gb
Mexico,1962,2.5,Oil,Gb
United States of America,1962,31.389200000000002,Oil,Gb
Denmark,1962,0.0,Oil,Gb
Norway,1962,0.0,Oil,Gb
United Kingdom,1962,0.005,Oil,Gb
Australia,1962,0.05,Oil,Gb
China,1962,0.6,Oil,Gb
India,1962,0.5,Oil,Gb
Brunei Darussalam,1962,0.65,Oil,Gb
Indonesia,1962,10.0,Oil,Gb
Malaysia,1962,0.41,Oil,Gb
Viet Nam,1962,0.0,Oil,Gb
Argentina,1962,2.4,Oil,Gb
Brazil,1962,0.3,Oil,Gb
Colombia,1962,0.85,Oil,Gb
Ecuador,1962,0.025,Oil,Gb
Venezuela,1962,17.0,Oil,Gb
Iran,1962,37.0,Oil,Gb
Iraq,1962,26.0,Oil,Gb
Kuwait,1962,66.725,Oil,Gb
Oman,1962,0.0,Oil,Gb
Qatar,1962,3.0,Oil,Gb
Saudi Arabia,1962,55.75,Oil,Gb
United Arab Emirates,1962,5.0,Oil,Gb
Algeria,1962,6.5,Oil,Gb
Angola,1962,0.05,Oil,Gb
Congo,1962,0.01,Oil,Gb
Egypt,1962,0.72,Oil,Gb
Equatorial Guinea,1962,0.0,Oil,Gb
Gabon,1962,0.08,Oil,Gb
Libya,1962,4.5,Oil,Gb
Nigeria,1962,0.4,Oil,Gb
Sudan,1962,0.0,Oil,Gb
Russian federation & USSR,1962,29.0,Oil,Gb
Canada,1963,5.675,Oil,Gb
Chile,1963,0.2,Oil,Gb
Mexico,1963,2.5,Oil,Gb
United States of America,1963,30.97,Oil,Gb
Denmark,1963,0.0,Oil,Gb
Norway,1963,0.0,Oil,Gb
United Kingdom,1963,0.005,Oil,Gb
Australia,1963,0.05,Oil,Gb
China,1963,0.6,Oil,Gb
India,1963,0.75,Oil,Gb
Brunei Darussalam,1963,0.65,Oil,Gb
Indonesia,1963,10.0,Oil,Gb
Malaysia,1963,0.41,Oil,Gb
Viet Nam,1963,0.0,Oil,Gb
Argentina,1963,2.3,Oil,Gb
Brazil,1963,0.3,Oil,Gb
Colombia,1963,0.9,Oil,Gb
Ecuador,1963,0.025,Oil,Gb
Venezuela,1963,17.0,Oil,Gb
Iran,1963,37.0,Oil,Gb
Iraq,1963,25.5,Oil,Gb
Kuwait,1963,68.5,Oil,Gb
Oman,1963,0.0,Oil,Gb
Qatar,1963,2.95,Oil,Gb
Saudi Arabia,1963,65.0,Oil,Gb
United Arab Emirates,1963,7.5,Oil,Gb
Algeria,1963,7.0,Oil,Gb
Angola,1963,0.2,Oil,Gb
Congo,1963,0.01,Oil,Gb
Egypt,1963,1.5,Oil,Gb
Equatorial Guinea,1963,0.0,Oil,Gb
Gabon,1963,0.1,Oil,Gb
Libya,1963,7.0,Oil,Gb
Nigeria,1963,0.5,Oil,Gb
Sudan,1963,0.0,Oil,Gb
Russian federation & USSR,1963,32.0,Oil,Gb
Canada,1964,5.281,Oil,Gb
Chile,1964,0.225,Oil,Gb
Mexico,1964,2.8,Oil,Gb
United States of America,1964,30.9905,Oil,Gb
Denmark,1964,0.0,Oil,Gb
Norway,1964,0.0,Oil,Gb
United Kingdom,1964,0.005,Oil,Gb
Australia,1964,0.05,Oil,Gb
China,1964,0.8,Oil,Gb
India,1964,0.75,Oil,Gb
Brunei Darussalam,1964,0.7,Oil,Gb
Indonesia,1964,10.0,Oil,Gb
Malaysia,1964,0.4096,Oil,Gb
Viet Nam,1964,0.0,Oil,Gb
Argentina,1964,2.0,Oil,Gb
Brazil,1964,0.9,Oil,Gb
Colombia,1964,1.2,Oil,Gb
Ecuador,1964,0.025,Oil,Gb
Venezuela,1964,17.0,Oil,Gb
Iran,1964,38.0,Oil,Gb
Iraq,1964,25.0,Oil,Gb
Kuwait,1964,69.225,Oil,Gb
Oman,1964,0.5,Oil,Gb
Qatar,1964,3.5,Oil,Gb
Saudi Arabia,1964,66.75,Oil,Gb
United Arab Emirates,1964,7.7,Oil,Gb
Algeria,1964,7.5,Oil,Gb
Angola,1964,0.2,Oil,Gb
Congo,1964,0.01,Oil,Gb
Egypt,1964,1.5,Oil,Gb
Equatorial Guinea,1964,0.0,Oil,Gb
Gabon,1964,0.25,Oil,Gb
Libya,1964,9.0,Oil,Gb
Nigeria,1964,1.0,Oil,Gb
Sudan,1964,0.0,Oil,Gb
Russian federation & USSR,1964,33.0,Oil,Gb
Canada,1965,7.5,Oil,Gb
Chile,1965,0.2,Oil,Gb
Mexico,1965,2.5,Oil,Gb
United States of America,1965,31.352400000000003,Oil,Gb
Denmark,1965,0.0,Oil,Gb
Norway,1965,0.0,Oil,Gb
United Kingdom,1965,0.005,Oil,Gb
Australia,1965,0.06,Oil,Gb
China,1965,1.0,Oil,Gb
India,1965,0.8,Oil,Gb
Brunei Darussalam,1965,0.676,Oil,Gb
Indonesia,1965,9.825,Oil,Gb
Malaysia,1965,0.45,Oil,Gb
Viet Nam,1965,0.0,Oil,Gb
Argentina,1965,1.9,Oil,Gb
Brazil,1965,0.5,Oil,Gb
Colombia,1965,1.5,Oil,Gb
Ecuador,1965,0.02,Oil,Gb
Venezuela,1965,17.25,Oil,Gb
Iran,1965,40.0,Oil,Gb
Iraq,1965,25.0,Oil,Gb
Kuwait,1965,68.7,Oil,Gb
Oman,1965,0.5,Oil,Gb
Qatar,1965,3.0,Oil,Gb
Saudi Arabia,1965,66.2,Oil,Gb
United Arab Emirates,1965,10.0,Oil,Gb
Algeria,1965,7.4,Oil,Gb
Angola,1965,0.196,Oil,Gb
Congo,1965,0.01,Oil,Gb
Egypt,1965,2.0,Oil,Gb
Equatorial Guinea,1965,0.0,Oil,Gb
Gabon,1965,0.275,Oil,Gb
Libya,1965,10.0,Oil,Gb
Nigeria,1965,3.0,Oil,Gb
Sudan,1965,0.0,Oil,Gb
Russian federation & USSR,1965,35.0,Oil,Gb
Canada,1966,8.25,Oil,Gb
Chile,1966,0.175,Oil,Gb
Mexico,1966,2.5,Oil,Gb
United States of America,1966,31.452099999999998,Oil,Gb
Denmark,1966,0.0,Oil,Gb
Norway,1966,0.0,Oil,Gb
United Kingdom,1966,0.005,Oil,Gb
Australia,1966,0.6079,Oil,Gb
China,1966,1.0,Oil,Gb
India,1966,1.4,Oil,Gb
Brunei Darussalam,1966,0.647,Oil,Gb
Indonesia,1966,9.656,Oil,Gb
Malaysia,1966,0.525,Oil,Gb
Viet Nam,1966,0.0,Oil,Gb
Argentina,1966,2.905,Oil,Gb
Brazil,1966,1.0,Oil,Gb
Colombia,1966,1.7,Oil,Gb
Ecuador,1966,0.018,Oil,Gb
Venezuela,1966,17.4,Oil,Gb
Iran,1966,44.2,Oil,Gb
Iraq,1966,24.0,Oil,Gb
Kuwait,1966,75.2,Oil,Gb
Oman,1966,0.5,Oil,Gb
Qatar,1966,4.0,Oil,Gb
Saudi Arabia,1966,72.5,Oil,Gb
United Arab Emirates,1966,12.5,Oil,Gb
Algeria,1966,7.25,Oil,Gb
Angola,1966,0.193,Oil,Gb
Congo,1966,0.01,Oil,Gb
Egypt,1966,0.944,Oil,Gb
Equatorial Guinea,1966,0.0,Oil,Gb
Gabon,1966,0.4,Oil,Gb
Libya,1966,20.0,Oil,Gb
Nigeria,1966,3.5,Oil,Gb
Sudan,1966,0.0,Oil,Gb
Russian federation & USSR,1966,38.0,Oil,Gb
Canada,1967,8.791799999999999,Oil,Gb
Chile,1967,0.15,Oil,Gb
Mexico,1967,2.6,Oil,Gb
United States of America,1967,31.3767,Oil,Gb
Denmark,1967,0.0,Oil,Gb
Norway,1967,0.0,Oil,Gb
United Kingdom,1967,0.01,Oil,Gb
Australia,1967,0.601,Oil,Gb
China,1967,1.0,Oil,Gb
India,1967,1.638,Oil,Gb
Brunei Darussalam,1967,0.616,Oil,Gb
Indonesia,1967,9.472,Oil,Gb
Malaysia,1967,0.525,Oil,Gb
Viet Nam,1967,0.0,Oil,Gb
Argentina,1967,2.905,Oil,Gb
Brazil,1967,0.7,Oil,Gb
Colombia,1967,2.0,Oil,Gb
Ecuador,1967,0.025,Oil,Gb
Venezuela,1967,17.0,Oil,Gb
Iran,1967,43.8,Oil,Gb
Iraq,1967,23.5,Oil,Gb
Kuwait,1967,76.75,Oil,Gb
Oman,1967,2.5,Oil,Gb
Qatar,1967,3.75,Oil,Gb
Saudi Arabia,1967,81.45,Oil,Gb
United Arab Emirates,1967,15.0,Oil,Gb
Algeria,1967,6.9,Oil,Gb
Angola,1967,0.5,Oil,Gb
Congo,1967,0.01,Oil,Gb
Egypt,1967,1.4,Oil,Gb
Equatorial Guinea,1967,0.0,Oil,Gb
Gabon,1967,0.5,Oil,Gb
Libya,1967,29.2,Oil,Gb
Nigeria,1967,3.55,Oil,Gb
Sudan,1967,0.0,Oil,Gb
Russian federation & USSR,1967,36.0,Oil,Gb
Canada,1968,9.9,Oil,Gb
Chile,1968,0.136,Oil,Gb
Mexico,1968,5.5,Oil,Gb
United States of America,1968,30.707099999999997,Oil,Gb
Denmark,1968,0.0,Oil,Gb
Norway,1968,0.0,Oil,Gb
United Kingdom,1968,0.009,Oil,Gb
Australia,1968,2.5,Oil,Gb
China,1968,2.0,Oil,Gb
India,1968,1.5,Oil,Gb
Brunei Darussalam,1968,0.6,Oil,Gb
Indonesia,1968,9.253,Oil,Gb
Malaysia,1968,0.6,Oil,Gb
Viet Nam,1968,0.0,Oil,Gb
Argentina,1968,3.1,Oil,Gb
Brazil,1968,0.85,Oil,Gb
Colombia,1968,1.7,Oil,Gb
Ecuador,1968,0.325,Oil,Gb
Venezuela,1968,15.5,Oil,Gb
Iran,1968,54.0,Oil,Gb
Iraq,1968,28.0,Oil,Gb
Kuwait,1968,76.5,Oil,Gb
Oman,1968,2.5,Oil,Gb
Qatar,1968,3.875,Oil,Gb
Saudi Arabia,1968,84.5,Oil,Gb
United Arab Emirates,1968,19.0,Oil,Gb
Algeria,1968,7.0,Oil,Gb
Angola,1968,0.5,Oil,Gb
Congo,1968,0.01,Oil,Gb
Egypt,1968,2.1,Oil,Gb
Equatorial Guinea,1968,0.0,Oil,Gb
Gabon,1968,0.48,Oil,Gb
Libya,1968,30.0,Oil,Gb
Nigeria,1968,4.0,Oil,Gb
Sudan,1968,0.0,Oil,Gb
Russian federation & USSR,1968,60.0,Oil,Gb
Canada,1969,8.782,Oil,Gb
Chile,1969,0.13,Oil,Gb
Mexico,1969,6.0,Oil,Gb
United States of America,1969,29.6319,Oil,Gb
Denmark,1969,0.0,Oil,Gb
Norway,1969,0.0,Oil,Gb
United Kingdom,1969,0.009,Oil,Gb
Australia,1969,2.5,Oil,Gb
China,1969,2.0,Oil,Gb
India,1969,0.715,Oil,Gb
Brunei Darussalam,1969,0.65,Oil,Gb
Indonesia,1969,9.0,Oil,Gb
Malaysia,1969,0.65,Oil,Gb
Viet Nam,1969,0.0,Oil,Gb
Argentina,1969,4.0,Oil,Gb
Brazil,1969,0.882,Oil,Gb
Colombia,1969,1.75,Oil,Gb
Ecuador,1969,0.5,Oil,Gb
Venezuela,1969,14.75,Oil,Gb
Iran,1969,55.0,Oil,Gb
Iraq,1969,27.5,Oil,Gb
Kuwait,1969,74.5,Oil,Gb
Oman,1969,5.0,Oil,Gb
Qatar,1969,5.5,Oil,Gb
Saudi Arabia,1969,146.5,Oil,Gb
United Arab Emirates,1969,17.0,Oil,Gb
Algeria,1969,8.0,Oil,Gb
Angola,1969,0.5,Oil,Gb
Congo,1969,0.01,Oil,Gb
Egypt,1969,5.0,Oil,Gb
Equatorial Guinea,1969,0.0,Oil,Gb
Gabon,1969,0.5,Oil,Gb
Libya,1969,28.866,Oil,Gb
Nigeria,1969,5.0,Oil,Gb
Sudan,1969,0.0,Oil,Gb
Russian federation & USSR,1969,58.0,Oil,Gb
Canada,1970,10.75,Oil,Gb
Chile,1970,0.125,Oil,Gb
Mexico,1970,3.2,Oil,Gb
United States of America,1970,39.0013,Oil,Gb
Denmark,1970,0.0,Oil,Gb
Norway,1970,2.0,Oil,Gb
United Kingdom,1970,2.5,Oil,Gb
Australia,1970,2.44,Oil,Gb
China,1970,2.0,Oil,Gb
India,1970,0.956,Oil,Gb
Brunei Darussalam,1970,1.0,Oil,Gb
Indonesia,1970,10.0,Oil,Gb
Malaysia,1970,0.7,Oil,Gb
Viet Nam,1970,0.0,Oil,Gb
Argentina,1970,4.5,Oil,Gb
Brazil,1970,0.85,Oil,Gb
Colombia,1970,1.675,Oil,Gb
Ecuador,1970,0.75,Oil,Gb
Venezuela,1970,14.0,Oil,Gb
Iran,1970,60.0,Oil,Gb
Iraq,1970,32.0,Oil,Gb
Kuwait,1970,79.95,Oil,Gb
Oman,1970,4.0,Oil,Gb
Qatar,1970,4.3,Oil,Gb
Saudi Arabia,1970,141.35,Oil,Gb
United Arab Emirates,1970,12.783,Oil,Gb
Algeria,1970,8.098,Oil,Gb
Angola,1970,0.5,Oil,Gb
Congo,1970,0.01,Oil,Gb
Egypt,1970,4.5,Oil,Gb
Equatorial Guinea,1970,0.0,Oil,Gb
Gabon,1970,0.485,Oil,Gb
Libya,1970,27.655,Oil,Gb
Nigeria,1970,9.3,Oil,Gb
Sudan,1970,0.0,Oil,Gb
Russian federation & USSR,1970,58.0,Oil,Gb
Canada,1971,8.4483,Oil,Gb
Chile,1971,0.12,Oil,Gb
Mexico,1971,4.5,Oil,Gb
United States of America,1971,38.063,Oil,Gb
Denmark,1971,0.25,Oil,Gb
Norway,1971,2.0,Oil,Gb
United Kingdom,1971,3.0,Oil,Gb
Australia,1971,2.321,Oil,Gb
China,1971,8.772,Oil,Gb
India,1971,0.949,Oil,Gb
Brunei Darussalam,1971,0.95,Oil,Gb
Indonesia,1971,10.4,Oil,Gb
Malaysia,1971,1.3,Oil,Gb
Viet Nam,1971,0.0,Oil,Gb
Argentina,1971,2.5,Oil,Gb
Brazil,1971,1.0,Oil,Gb
Colombia,1971,1.663,Oil,Gb
Ecuador,1971,5.748,Oil,Gb
Venezuela,1971,13.762,Oil,Gb
Iran,1971,58.344,Oil,Gb
Iraq,1971,35.99,Oil,Gb
Kuwait,1971,78.198,Oil,Gb
Oman,1971,5.2,Oil,Gb
Qatar,1971,6.0,Oil,Gb
Saudi Arabia,1971,139.6093515,Oil,Gb
United Arab Emirates,1971,20.502,Oil,Gb
Algeria,1971,9.84,Oil,Gb
Angola,1971,0.803,Oil,Gb
Congo,1971,0.33,Oil,Gb
Egypt,1971,4.0,Oil,Gb
Equatorial Guinea,1971,0.0,Oil,Gb
Gabon,1971,0.725,Oil,Gb
Libya,1971,26.648,Oil,Gb
Nigeria,1971,11.68,Oil,Gb
Sudan,1971,0.0,Oil,Gb
Russian federation & USSR,1971,55.286,Oil,Gb
Canada,1972,10.2,Oil,Gb
Chile,1972,0.125,Oil,Gb
Mexico,1972,2.8,Oil,Gb
United States of America,1972,36.339400000000005,Oil,Gb
Denmark,1972,0.25,Oil,Gb
Norway,1972,2.0,Oil,Gb
United Kingdom,1972,6.0,Oil,Gb
Australia,1972,2.198,Oil,Gb
China,1972,8.772,Oil,Gb
India,1972,0.897,Oil,Gb
Brunei Darussalam,1972,1.5,Oil,Gb
Indonesia,1972,10.005,Oil,Gb
Malaysia,1972,1.5,Oil,Gb
Viet Nam,1972,0.0,Oil,Gb
Argentina,1972,4.9,Oil,Gb
Brazil,1972,0.857,Oil,Gb
Colombia,1972,1.5,Oil,Gb
Ecuador,1972,5.75,Oil,Gb
Venezuela,1972,13.919,Oil,Gb
Iran,1972,65.0,Oil,Gb
Iraq,1972,29.0,Oil,Gb
Kuwait,1972,72.9,Oil,Gb
Oman,1972,5.0,Oil,Gb
Qatar,1972,7.0,Oil,Gb
Saudi Arabia,1972,146.0,Oil,Gb
United Arab Emirates,1972,22.768,Oil,Gb
Algeria,1972,9.75,Oil,Gb
Angola,1972,1.2,Oil,Gb
Congo,1972,0.5,Oil,Gb
Egypt,1972,5.2,Oil,Gb
Equatorial Guinea,1972,0.0,Oil,Gb
Gabon,1972,0.7607,Oil,Gb
Libya,1972,25.829,Oil,Gb
Nigeria,1972,15.0,Oil,Gb
Sudan,1972,0.0,Oil,Gb
Russian federation & USSR,1972,52.412,Oil,Gb
Canada,1973,9.4242,Oil,Gb
Chile,1973,0.124,Oil,Gb
Mexico,1973,3.6,Oil,Gb
United States of America,1973,35.299800000000005,Oil,Gb
Denmark,1973,0.2485,Oil,Gb
Norway,1973,4.0,Oil,Gb
United Kingdom,1973,10.9,Oil,Gb
Australia,1973,2.045,Oil,Gb
China,1973,10.386,Oil,Gb
India,1973,0.843,Oil,Gb
Brunei Darussalam,1973,1.6,Oil,Gb
Indonesia,1973,10.5,Oil,Gb
Malaysia,1973,1.5,Oil,Gb
Viet Nam,1973,0.0,Oil,Gb
Argentina,1973,2.5,Oil,Gb
Brazil,1973,0.799,Oil,Gb
Colombia,1973,1.432,Oil,Gb
Ecuador,1973,5.675,Oil,Gb
Venezuela,1973,13.812,Oil,Gb
Iran,1973,62.861,Oil,Gb
Iraq,1973,31.5,Oil,Gb
Kuwait,1973,72.75,Oil,Gb
Oman,1973,5.25,Oil,Gb
Qatar,1973,6.5,Oil,Gb
Saudi Arabia,1973,143.227387,Oil,Gb
United Arab Emirates,1973,25.5,Oil,Gb
Algeria,1973,7.64,Oil,Gb
Angola,1973,1.5,Oil,Gb
Congo,1973,0.5,Oil,Gb
Egypt,1973,5.125,Oil,Gb
Equatorial Guinea,1973,0.0,Oil,Gb
Gabon,1973,0.7607,Oil,Gb
Libya,1973,25.036,Oil,Gb
Nigeria,1973,20.0,Oil,Gb
Sudan,1973,0.0,Oil,Gb
Russian federation & USSR,1973,49.339,Oil,Gb
Canada,1974,9.4,Oil,Gb
Chile,1974,0.2,Oil,Gb
Mexico,1974,3.582,Oil,Gb
United States of America,1974,32.25,Oil,Gb
Denmark,1974,0.247,Oil,Gb
Norway,1974,7.3,Oil,Gb
United Kingdom,1974,7.725,Oil,Gb
Australia,1974,1.897,Oil,Gb
China,1974,10.386,Oil,Gb
India,1974,0.788,Oil,Gb
Brunei Darussalam,1974,1.6,Oil,Gb
Indonesia,1974,15.0,Oil,Gb
Malaysia,1974,1.5,Oil,Gb
Viet Nam,1974,0.0,Oil,Gb
Argentina,1974,2.346,Oil,Gb
Brazil,1974,0.775,Oil,Gb
Colombia,1974,0.9,Oil,Gb
Ecuador,1974,2.5,Oil,Gb
Venezuela,1974,18.567,Oil,Gb
Iran,1974,66.0,Oil,Gb
Iraq,1974,35.0,Oil,Gb
Kuwait,1974,81.45,Oil,Gb
Oman,1974,6.0,Oil,Gb
Qatar,1974,6.0,Oil,Gb
Saudi Arabia,1974,173.15,Oil,Gb
United Arab Emirates,1974,33.92,Oil,Gb
Algeria,1974,7.7,Oil,Gb
Angola,1974,1.439,Oil,Gb
Congo,1974,0.5,Oil,Gb
Egypt,1974,3.7,Oil,Gb
Equatorial Guinea,1974,0.0,Oil,Gb
Gabon,1974,0.6521,Oil,Gb
Libya,1974,24.481,Oil,Gb
Nigeria,1974,20.9,Oil,Gb
Sudan,1974,0.0,Oil,Gb
Russian federation & USSR,1974,56.341,Oil,Gb
Canada,1975,7.1,Oil,Gb
Chile,1975,0.19,Oil,Gb
Mexico,1975,9.5,Oil,Gb
United States of America,1975,32.682,Oil,Gb
Denmark,1975,0.245,Oil,Gb
Norway,1975,7.0,Oil,Gb
United Kingdom,1975,9.827,Oil,Gb
Australia,1975,1.747,Oil,Gb
China,1975,12.1,Oil,Gb
India,1975,0.729,Oil,Gb
Brunei Darussalam,1975,1.484,Oil,Gb
Indonesia,1975,14.523127500000001,Oil,Gb
Malaysia,1975,2.5,Oil,Gb
Viet Nam,1975,0.0,Oil,Gb
Argentina,1975,2.465,Oil,Gb
Brazil,1975,0.78,Oil,Gb
Colombia,1975,0.5566,Oil,Gb
Ecuador,1975,2.45,Oil,Gb
Venezuela,1975,18.398,Oil,Gb
Iran,1975,64.5,Oil,Gb
Iraq,1975,34.3,Oil,Gb
Kuwait,1975,71.2,Oil,Gb
Oman,1975,5.9,Oil,Gb
Qatar,1975,5.85,Oil,Gb
Saudi Arabia,1975,170.567479,Oil,Gb
United Arab Emirates,1975,32.2,Oil,Gb
Algeria,1975,7.37,Oil,Gb
Angola,1975,1.38,Oil,Gb
Congo,1975,0.5,Oil,Gb
Egypt,1975,3.9,Oil,Gb
Equatorial Guinea,1975,0.0,Oil,Gb
Gabon,1975,0.5796,Oil,Gb
Libya,1975,23.942,Oil,Gb
Nigeria,1975,20.2,Oil,Gb
Sudan,1975,0.0,Oil,Gb
Russian federation & USSR,1975,58.878,Oil,Gb
Canada,1976,6.2,Oil,Gb
Chile,1976,0.182,Oil,Gb
Mexico,1976,7.0,Oil,Gb
United States of America,1976,30.9422,Oil,Gb
Denmark,1976,0.3,Oil,Gb
Norway,1976,5.66,Oil,Gb
United Kingdom,1976,9.896,Oil,Gb
Australia,1976,1.592,Oil,Gb
China,1976,12.632,Oil,Gb
India,1976,3.0,Oil,Gb
Brunei Darussalam,1976,1.625,Oil,Gb
Indonesia,1976,13.972806606,Oil,Gb
Malaysia,1976,2.5,Oil,Gb
Viet Nam,1976,0.0,Oil,Gb
Argentina,1976,2.3,Oil,Gb
Brazil,1976,0.8,Oil,Gb
Colombia,1976,0.825,Oil,Gb
Ecuador,1976,1.7,Oil,Gb
Venezuela,1976,18.228,Oil,Gb
Iran,1976,63.0,Oil,Gb
Iraq,1976,34.0,Oil,Gb
Kuwait,1976,70.55,Oil,Gb
Oman,1976,5.8,Oil,Gb
Qatar,1976,5.7,Oil,Gb
Saudi Arabia,1976,167.428233316,Oil,Gb
United Arab Emirates,1976,31.2,Oil,Gb
Algeria,1976,6.8,Oil,Gb
Angola,1976,1.331,Oil,Gb
Congo,1976,0.486,Oil,Gb
Egypt,1976,1.95,Oil,Gb
Equatorial Guinea,1976,0.0,Oil,Gb
Gabon,1976,0.5868,Oil,Gb
Libya,1976,23.236,Oil,Gb
Nigeria,1976,19.445,Oil,Gb
Sudan,1976,0.0,Oil,Gb
Russian federation & USSR,1976,59.9,Oil,Gb
Canada,1977,6.0,Oil,Gb
Chile,1977,0.44,Oil,Gb
Mexico,1977,14.0,Oil,Gb
United States of America,1977,31.78,Oil,Gb
Denmark,1977,0.3,Oil,Gb
Norway,1977,6.0,Oil,Gb
United Kingdom,1977,10.07,Oil,Gb
Australia,1977,1.435,Oil,Gb
China,1977,12.65,Oil,Gb
India,1977,3.0,Oil,Gb
Brunei Darussalam,1977,1.55,Oil,Gb
Indonesia,1977,13.357359301,Oil,Gb
Malaysia,1977,2.5,Oil,Gb
Viet Nam,1977,0.0,Oil,Gb
Argentina,1977,2.503,Oil,Gb
Brazil,1977,0.88,Oil,Gb
Colombia,1977,0.96,Oil,Gb
Ecuador,1977,1.64,Oil,Gb
Venezuela,1977,18.039,Oil,Gb
Iran,1977,62.0,Oil,Gb
Iraq,1977,34.5,Oil,Gb
Kuwait,1977,70.1,Oil,Gb
Oman,1977,5.65,Oil,Gb
Qatar,1977,5.6,Oil,Gb
Saudi Arabia,1977,164.070267991,Oil,Gb
United Arab Emirates,1977,32.425,Oil,Gb
Algeria,1977,6.6,Oil,Gb
Angola,1977,1.267,Oil,Gb
Congo,1977,0.474,Oil,Gb
Egypt,1977,2.45,Oil,Gb
Equatorial Guinea,1977,0.0,Oil,Gb
Gabon,1977,0.5434,Oil,Gb
Libya,1977,22.484,Oil,Gb
Nigeria,1977,18.7,Oil,Gb
Sudan,1977,0.0,Oil,Gb
Russian federation & USSR,1977,59.0,Oil,Gb
Canada,1978,6.0,Oil,Gb
Chile,1978,0.4,Oil,Gb
Mexico,1978,16.0,Oil,Gb
United States of America,1978,31.355,Oil,Gb
Denmark,1978,0.3,Oil,Gb
Norway,1978,5.9,Oil,Gb
United Kingdom,1978,8.735,Oil,Gb
Australia,1978,1.278,Oil,Gb
China,1978,14.053,Oil,Gb
India,1978,2.982439995,Oil,Gb
Brunei Darussalam,1978,1.48,Oil,Gb
Indonesia,1978,12.760511666000001,Oil,Gb
Malaysia,1978,2.8,Oil,Gb
Viet Nam,1978,0.0,Oil,Gb
Argentina,1978,2.4,Oil,Gb
Brazil,1978,1.2,Oil,Gb
Colombia,1978,0.75,Oil,Gb
Ecuador,1978,1.17,Oil,Gb
Venezuela,1978,18.228,Oil,Gb
Iran,1978,60.088,Oil,Gb
Iraq,1978,32.1,Oil,Gb
Kuwait,1978,69.44,Oil,Gb
Oman,1978,2.5,Oil,Gb
Qatar,1978,4.0,Oil,Gb
Saudi Arabia,1978,168.94,Oil,Gb
United Arab Emirates,1978,31.316,Oil,Gb
Algeria,1978,6.3,Oil,Gb
Angola,1978,1.207,Oil,Gb
Congo,1978,0.462,Oil,Gb
Egypt,1978,3.2,Oil,Gb
Equatorial Guinea,1978,0.0,Oil,Gb
Gabon,1978,0.5999,Oil,Gb
Libya,1978,21.761,Oil,Gb
Nigeria,1978,18.2,Oil,Gb
Sudan,1978,0.0,Oil,Gb
Russian federation & USSR,1978,58.438,Oil,Gb
Canada,1979,6.8,Oil,Gb
Chile,1979,0.4,Oil,Gb
Mexico,1979,31.25,Oil,Gb
United States of America,1979,29.81,Oil,Gb
Denmark,1979,0.375,Oil,Gb
Norway,1979,5.75,Oil,Gb
United Kingdom,1979,8.755,Oil,Gb
Australia,1979,1.118,Oil,Gb
China,1979,13.509,Oil,Gb
India,1979,2.893,Oil,Gb
Brunei Darussalam,1979,1.298,Oil,Gb
Indonesia,1979,12.179866381,Oil,Gb
Malaysia,1979,1.825,Oil,Gb
Viet Nam,1979,0.0,Oil,Gb
Argentina,1979,2.4,Oil,Gb
Brazil,1979,1.22,Oil,Gb
Colombia,1979,0.71,Oil,Gb
Ecuador,1979,1.1,Oil,Gb
Venezuela,1979,18.523,Oil,Gb
Iran,1979,58.833,Oil,Gb
Iraq,1979,31.0,Oil,Gb
Kuwait,1979,68.53,Oil,Gb
Oman,1979,2.4,Oil,Gb
Qatar,1979,3.76,Oil,Gb
Saudi Arabia,1979,166.48,Oil,Gb
United Arab Emirates,1979,29.4113,Oil,Gb
Algeria,1979,8.44,Oil,Gb
Angola,1979,1.2,Oil,Gb
Congo,1979,0.445,Oil,Gb
Egypt,1979,3.1,Oil,Gb
Equatorial Guinea,1979,0.0,Oil,Gb
Gabon,1979,0.4347,Oil,Gb
Libya,1979,20.999,Oil,Gb
Nigeria,1979,17.4,Oil,Gb
Sudan,1979,0.0,Oil,Gb
Russian federation & USSR,1979,59.878,Oil,Gb
Canada,1980,6.8055,Oil,Gb
Chile,1980,0.4,Oil,Gb
Mexico,1980,47.224,Oil,Gb
United States of America,1980,29.805,Oil,Gb
Denmark,1980,0.45,Oil,Gb
Norway,1980,4.962,Oil,Gb
United Kingdom,1980,8.438,Oil,Gb
Australia,1980,2.123,Oil,Gb
China,1980,13.334,Oil,Gb
India,1980,3.4360841,Oil,Gb
Brunei Darussalam,1980,1.294,Oil,Gb
Indonesia,1980,11.603160181,Oil,Gb
Malaysia,1980,2.313,Oil,Gb
Viet Nam,1980,0.0,Oil,Gb
Argentina,1980,2.464,Oil,Gb
Brazil,1980,1.3,Oil,Gb
Colombia,1980,0.5537000000000001,Oil,Gb
Ecuador,1980,1.1,Oil,Gb
Venezuela,1980,19.53,Oil,Gb
Iran,1980,58.296,Oil,Gb
Iraq,1980,30.0,Oil,Gb
Kuwait,1980,67.93,Oil,Gb
Oman,1980,2.493,Oil,Gb
Qatar,1980,3.585,Oil,Gb
Saudi Arabia,1980,168.03,Oil,Gb
United Arab Emirates,1980,30.41,Oil,Gb
Algeria,1980,8.2,Oil,Gb
Angola,1980,1.375,Oil,Gb
Congo,1980,0.66,Oil,Gb
Egypt,1980,2.88,Oil,Gb
Equatorial Guinea,1980,0.0,Oil,Gb
Gabon,1980,0.4709,Oil,Gb
Libya,1980,20.33,Oil,Gb
Nigeria,1980,16.7,Oil,Gb
Sudan,1980,0.0,Oil,Gb
Russian federation & USSR,1980,63.0,Oil,Gb
Canada,1981,5.983,Oil,Gb
Chile,1981,0.387,Oil,Gb
Mexico,1981,56.998,Oil,Gb
United States of America,1981,29.426,Oil,Gb
Denmark,1981,0.371,Oil,Gb
Norway,1981,4.597,Oil,Gb
United Kingdom,1981,7.875,Oil,Gb
Australia,1981,2.618,Oil,Gb
China,1981,13.272,Oil,Gb
India,1981,3.4442,Oil,Gb
Brunei Darussalam,1981,1.5,Oil,Gb
Indonesia,1981,11.0176,Oil,Gb
Malaysia,1981,2.295,Oil,Gb
Viet Nam,1981,0.0,Oil,Gb
Argentina,1981,2.426,Oil,Gb
Brazil,1981,1.3251,Oil,Gb
Colombia,1981,0.5308999999999999,Oil,Gb
Ecuador,1981,0.85,Oil,Gb
Venezuela,1981,19.888,Oil,Gb
Iran,1981,57.02,Oil,Gb
Iraq,1981,32.0,Oil,Gb
Kuwait,1981,67.73,Oil,Gb
Oman,1981,2.908,Oil,Gb
Qatar,1981,3.45,Oil,Gb
Saudi Arabia,1981,167.85,Oil,Gb
United Arab Emirates,1981,32.176,Oil,Gb
Algeria,1981,8.08,Oil,Gb
Angola,1981,1.108,Oil,Gb
Congo,1981,0.733,Oil,Gb
Egypt,1981,3.99,Oil,Gb
Equatorial Guinea,1981,0.0,Oil,Gb
Gabon,1981,0.4635,Oil,Gb
Libya,1981,22.6,Oil,Gb
Nigeria,1981,16.5,Oil,Gb
Sudan,1981,0.2,Oil,Gb
Russian federation & USSR,1981,63.0,Oil,Gb
Canada,1982,6.689,Oil,Gb
Chile,1982,0.372,Oil,Gb
Mexico,1982,56.998,Oil,Gb
United States of America,1982,27.858,Oil,Gb
Denmark,1982,0.327,Oil,Gb
Norway,1982,4.484,Oil,Gb
United Kingdom,1982,7.463,Oil,Gb
Australia,1982,2.9310500000000004,Oil,Gb
China,1982,13.241,Oil,Gb
India,1982,3.8578523000000002,Oil,Gb
Brunei Darussalam,1982,1.445,Oil,Gb
Indonesia,1982,10.534064231,Oil,Gb
Malaysia,1982,2.57,Oil,Gb
Viet Nam,1982,0.0,Oil,Gb
Argentina,1982,2.429,Oil,Gb
Brazil,1982,1.75,Oil,Gb
Colombia,1982,0.61,Oil,Gb
Ecuador,1982,0.85,Oil,Gb
Venezuela,1982,24.9,Oil,Gb
Iran,1982,56.148,Oil,Gb
Iraq,1982,59.0,Oil,Gb
Kuwait,1982,67.15,Oil,Gb
Oman,1982,2.991,Oil,Gb
Qatar,1982,3.425,Oil,Gb
Saudi Arabia,1982,165.483705,Oil,Gb
United Arab Emirates,1982,32.354,Oil,Gb
Algeria,1982,9.44,Oil,Gb
Angola,1982,1.457,Oil,Gb
Congo,1982,0.7544,Oil,Gb
Egypt,1982,3.82,Oil,Gb
Equatorial Guinea,1982,0.0,Oil,Gb
Gabon,1982,0.4818,Oil,Gb
Libya,1982,22.186,Oil,Gb
Nigeria,1982,16.75,Oil,Gb
Sudan,1982,0.2,Oil,Gb
Russian federation & USSR,1982,63.0,Oil,Gb
Canada,1983,6.4327,Oil,Gb
Chile,1983,0.358,Oil,Gb
Mexico,1983,57.096,Oil,Gb
United States of America,1983,27.735,Oil,Gb
Denmark,1983,0.308,Oil,Gb
Norway,1983,5.824,Oil,Gb
United Kingdom,1983,6.938,Oil,Gb
Australia,1983,2.49077,Oil,Gb
China,1983,14.861,Oil,Gb
India,1983,3.7443,Oil,Gb
Brunei Darussalam,1983,1.527,Oil,Gb
Indonesia,1983,10.0795,Oil,Gb
Malaysia,1983,2.952,Oil,Gb
Viet Nam,1983,0.0,Oil,Gb
Argentina,1983,2.45,Oil,Gb
Brazil,1983,1.85,Oil,Gb
Colombia,1983,0.6351,Oil,Gb
Ecuador,1983,0.86,Oil,Gb
Venezuela,1983,25.887,Oil,Gb
Iran,1983,55.257,Oil,Gb
Iraq,1983,65.0,Oil,Gb
Kuwait,1983,67.0,Oil,Gb
Oman,1983,3.5,Oil,Gb
Qatar,1983,3.33,Oil,Gb
Saudi Arabia,1983,168.8475,Oil,Gb
United Arab Emirates,1983,32.34,Oil,Gb
Algeria,1983,9.22,Oil,Gb
Angola,1983,1.715,Oil,Gb
Congo,1983,0.723,Oil,Gb
Egypt,1983,3.82,Oil,Gb
Equatorial Guinea,1983,0.0,Oil,Gb
Gabon,1983,0.5473,Oil,Gb
Libya,1983,21.784,Oil,Gb
Nigeria,1983,16.55,Oil,Gb
Sudan,1983,0.3,Oil,Gb
Russian federation & USSR,1983,63.0,Oil,Gb
Canada,1984,5.9692,Oil,Gb
Chile,1984,0.345,Oil,Gb
Mexico,1984,56.41,Oil,Gb
United States of America,1984,28.446,Oil,Gb
Denmark,1984,0.465,Oil,Gb
Norway,1984,6.012,Oil,Gb
United Kingdom,1984,6.0,Oil,Gb
Australia,1984,2.5599499999999997,Oil,Gb
China,1984,16.342,Oil,Gb
India,1984,3.6614083,Oil,Gb
Brunei Darussalam,1984,1.47,Oil,Gb
Indonesia,1984,9.611013131,Oil,Gb
Malaysia,1984,3.066,Oil,Gb
Viet Nam,1984,0.0,Oil,Gb
Argentina,1984,2.349,Oil,Gb
Brazil,1984,1.976,Oil,Gb
Colombia,1984,1.108,Oil,Gb
Ecuador,1984,1.1810999999999998,Oil,Gb
Venezuela,1984,28.028,Oil,Gb
Iran,1984,58.874,Oil,Gb
Iraq,1984,65.0,Oil,Gb
Kuwait,1984,92.71,Oil,Gb
Oman,1984,3.852,Oil,Gb
Qatar,1984,4.5,Oil,Gb
Saudi Arabia,1984,171.71,Oil,Gb
United Arab Emirates,1984,32.49,Oil,Gb
Algeria,1984,9.0,Oil,Gb
Angola,1984,2.147,Oil,Gb
Congo,1984,0.691,Oil,Gb
Egypt,1984,3.25,Oil,Gb
Equatorial Guinea,1984,0.0,Oil,Gb
Gabon,1984,0.5181,Oil,Gb
Libya,1984,21.425,Oil,Gb
Nigeria,1984,16.65,Oil,Gb
Sudan,1984,0.3,Oil,Gb
Russian federation & USSR,1984,63.0,Oil,Gb
Canada,1985,5.7604,Oil,Gb
Chile,1985,0.333,Oil,Gb
Mexico,1985,55.593,Oil,Gb
United States of America,1985,28.416,Oil,Gb
Denmark,1985,0.447,Oil,Gb
Norway,1985,6.082,Oil,Gb
United Kingdom,1985,5.625,Oil,Gb
Australia,1985,2.45932,Oil,Gb
China,1985,17.064,Oil,Gb
India,1985,4.0902133,Oil,Gb
Brunei Darussalam,1985,1.443,Oil,Gb
Indonesia,1985,9.179765631,Oil,Gb
Malaysia,1985,3.023,Oil,Gb
Viet Nam,1985,0.0,Oil,Gb
Argentina,1985,2.316,Oil,Gb
Brazil,1985,2.07,Oil,Gb
Colombia,1985,1.2435,Oil,Gb
Ecuador,1985,1.148,Oil,Gb
Venezuela,1985,54.454,Oil,Gb
Iran,1985,59.0,Oil,Gb
Iraq,1985,65.0,Oil,Gb
Kuwait,1985,92.464,Oil,Gb
Oman,1985,4.026,Oil,Gb
Qatar,1985,4.5,Oil,Gb
Saudi Arabia,1985,171.49,Oil,Gb
United Arab Emirates,1985,32.99,Oil,Gb
Algeria,1985,8.82,Oil,Gb
Angola,1985,2.018,Oil,Gb
Congo,1985,0.656,Oil,Gb
Egypt,1985,3.203,Oil,Gb
Equatorial Guinea,1985,0.0,Oil,Gb
Gabon,1985,0.6775,Oil,Gb
Libya,1985,21.3,Oil,Gb
Nigeria,1985,16.6,Oil,Gb
Sudan,1985,0.3,Oil,Gb
Russian federation & USSR,1985,62.685,Oil,Gb
Canada,1986,5.9402,Oil,Gb
Chile,1986,0.322,Oil,Gb
Mexico,1986,54.88,Oil,Gb
United States of America,1986,26.889,Oil,Gb
Denmark,1986,0.403,Oil,Gb
Norway,1986,7.982,Oil,Gb
United Kingdom,1986,5.325,Oil,Gb
Australia,1986,2.87444,Oil,Gb
China,1986,17.138,Oil,Gb
India,1986,4.1322875,Oil,Gb
Brunei Darussalam,1986,1.475,Oil,Gb
Indonesia,1986,9.0,Oil,Gb
Malaysia,1986,2.906,Oil,Gb
Viet Nam,1986,0.0,Oil,Gb
Argentina,1986,2.233,Oil,Gb
Brazil,1986,2.25,Oil,Gb
Colombia,1986,1.2962,Oil,Gb
Ecuador,1986,1.2350999999999999,Oil,Gb
Venezuela,1986,55.521,Oil,Gb
Iran,1986,92.86,Oil,Gb
Iraq,1986,72.0,Oil,Gb
Kuwait,1986,94.52210000000001,Oil,Gb
Oman,1986,3.972,Oil,Gb
Qatar,1986,4.5,Oil,Gb
Saudi Arabia,1986,169.743767,Oil,Gb
United Arab Emirates,1986,97.203,Oil,Gb
Algeria,1986,8.8,Oil,Gb
Angola,1986,1.4,Oil,Gb
Congo,1986,0.72,Oil,Gb
Egypt,1986,3.309,Oil,Gb
Equatorial Guinea,1986,0.0,Oil,Gb
Gabon,1986,0.733,Oil,Gb
Libya,1986,22.8,Oil,Gb
Nigeria,1986,16.066,Oil,Gb
Sudan,1986,0.3,Oil,Gb
Russian federation & USSR,1986,62.983,Oil,Gb
Canada,1987,5.913399999999999,Oil,Gb
Chile,1987,0.312,Oil,Gb
Mexico,1987,54.11,Oil,Gb
United States of America,1987,27.256,Oil,Gb
Denmark,1987,0.403,Oil,Gb
Norway,1987,9.259,Oil,Gb
United Kingdom,1987,5.175,Oil,Gb
Australia,1987,2.90589,Oil,Gb
China,1987,17.4,Oil,Gb
India,1987,4.3631825,Oil,Gb
Brunei Darussalam,1987,1.6,Oil,Gb
Indonesia,1987,9.0,Oil,Gb
Malaysia,1987,2.922,Oil,Gb
Viet Nam,1987,0.021,Oil,Gb
Argentina,1987,2.246,Oil,Gb
Brazil,1987,2.34,Oil,Gb
Colombia,1987,1.9071,Oil,Gb
Ecuador,1987,1.5943,Oil,Gb
Venezuela,1987,58.101,Oil,Gb
Iran,1987,92.86,Oil,Gb
Iraq,1987,100.0,Oil,Gb
Kuwait,1987,94.525,Oil,Gb
Oman,1987,4.088,Oil,Gb
Qatar,1987,4.5,Oil,Gb
Saudi Arabia,1987,169.585,Oil,Gb
United Arab Emirates,1987,98.105,Oil,Gb
Algeria,1987,8.564,Oil,Gb
Angola,1987,2.0,Oil,Gb
Congo,1987,0.72,Oil,Gb
Egypt,1987,3.335,Oil,Gb
Equatorial Guinea,1987,0.0,Oil,Gb
Gabon,1987,0.96,Oil,Gb
Libya,1987,22.8,Oil,Gb
Nigeria,1987,15.98,Oil,Gb
Sudan,1987,0.3,Oil,Gb
Russian federation & USSR,1987,61.663,Oil,Gb
Canada,1988,6.1335,Oil,Gb
Chile,1988,0.303,Oil,Gb
Mexico,1988,53.012,Oil,Gb
United States of America,1988,26.825,Oil,Gb
Denmark,1988,0.541,Oil,Gb
Norway,1988,9.485,Oil,Gb
United Kingdom,1988,4.275,Oil,Gb
Australia,1988,3.18893,Oil,Gb
China,1988,17.26,Oil,Gb
India,1988,4.8378000000000005,Oil,Gb
Brunei Darussalam,1988,1.2,Oil,Gb
Indonesia,1988,9.0,Oil,Gb
Malaysia,1988,3.054,Oil,Gb
Viet Nam,1988,0.051,Oil,Gb
Argentina,1988,2.28,Oil,Gb
Brazil,1988,2.55,Oil,Gb
Colombia,1988,2.1249000000000002,Oil,Gb
Ecuador,1988,1.5149000000000001,Oil,Gb
Venezuela,1988,58.505,Oil,Gb
Iran,1988,92.86,Oil,Gb
Iraq,1988,100.0,Oil,Gb
Kuwait,1988,94.525,Oil,Gb
Oman,1988,4.119,Oil,Gb
Qatar,1988,4.5,Oil,Gb
Saudi Arabia,1988,254.989,Oil,Gb
United Arab Emirates,1988,98.105,Oil,Gb
Algeria,1988,9.2,Oil,Gb
Angola,1988,2.0,Oil,Gb
Congo,1988,0.71,Oil,Gb
Egypt,1988,3.331,Oil,Gb
Equatorial Guinea,1988,0.0,Oil,Gb
Gabon,1988,0.93,Oil,Gb
Libya,1988,22.8,Oil,Gb
Nigeria,1988,16.0,Oil,Gb
Sudan,1988,0.3,Oil,Gb
Russian federation & USSR,1988,63.161,Oil,Gb
Canada,1989,5.8998,Oil,Gb
Chile,1989,0.3,Oil,Gb
Mexico,1989,51.983,Oil,Gb
United States of America,1989,26.501,Oil,Gb
Denmark,1989,0.629,Oil,Gb
Norway,1989,9.353,Oil,Gb
United Kingdom,1989,3.825,Oil,Gb
Australia,1989,3.10088,Oil,Gb
China,1989,16.037,Oil,Gb
India,1989,5.345403,Oil,Gb
Brunei Darussalam,1989,1.152,Oil,Gb
Indonesia,1989,5.113899999999999,Oil,Gb
Malaysia,1989,2.943,Oil,Gb
Viet Nam,1989,0.11,Oil,Gb
Argentina,1989,2.168,Oil,Gb
Brazil,1989,2.816,Oil,Gb
Colombia,1989,1.9842,Oil,Gb
Ecuador,1989,1.4416,Oil,Gb
Venezuela,1989,59.04,Oil,Gb
Iran,1989,92.86,Oil,Gb
Iraq,1989,100.0,Oil,Gb
Kuwait,1989,97.125,Oil,Gb
Oman,1989,4.269,Oil,Gb
Qatar,1989,4.5,Oil,Gb
Saudi Arabia,1989,260.05,Oil,Gb
United Arab Emirates,1989,98.105,Oil,Gb
Algeria,1989,9.236,Oil,Gb
Angola,1989,2.074,Oil,Gb
Congo,1989,0.83,Oil,Gb
Egypt,1989,3.318,Oil,Gb
Equatorial Guinea,1989,0.0,Oil,Gb
Gabon,1989,0.959,Oil,Gb
Libya,1989,22.8,Oil,Gb
Nigeria,1989,16.0,Oil,Gb
Sudan,1989,0.3,Oil,Gb
Russian federation & USSR,1989,69.384,Oil,Gb
Canada,1990,5.585100000000001,Oil,Gb
Chile,1990,0.3,Oil,Gb
Mexico,1990,51.298,Oil,Gb
United States of America,1990,26.254,Oil,Gb
Denmark,1990,0.591,Oil,Gb
Norway,1990,9.951,Oil,Gb
United Kingdom,1990,4.013,Oil,Gb
Australia,1990,3.1574899999999997,Oil,Gb
China,1990,15.998,Oil,Gb
India,1990,5.5396475,Oil,Gb
Brunei Darussalam,1990,1.124,Oil,Gb
Indonesia,1990,5.415,Oil,Gb
Malaysia,1990,3.045,Oil,Gb
Viet Nam,1990,0.2,Oil,Gb
Argentina,1990,1.57,Oil,Gb
Brazil,1990,4.4511,Oil,Gb
Colombia,1990,1.9906,Oil,Gb
Ecuador,1990,1.3552,Oil,Gb
Venezuela,1990,60.054,Oil,Gb
Iran,1990,92.85,Oil,Gb
Iraq,1990,100.0,Oil,Gb
Kuwait,1990,97.025,Oil,Gb
Oman,1990,4.361,Oil,Gb
Qatar,1990,2.993,Oil,Gb
Saudi Arabia,1990,260.342,Oil,Gb
United Arab Emirates,1990,98.1,Oil,Gb
Algeria,1990,9.2,Oil,Gb
Angola,1990,1.625,Oil,Gb
Congo,1990,0.83,Oil,Gb
Egypt,1990,3.453,Oil,Gb
Equatorial Guinea,1990,0.0,Oil,Gb
Gabon,1990,0.86,Oil,Gb
Libya,1990,22.8,Oil,Gb
Nigeria,1990,17.1,Oil,Gb
Sudan,1990,0.3,Oil,Gb
Russian federation & USSR,1990,65.28,Oil,Gb
Canada,1991,5.291600000000001,Oil,Gb
Chile,1991,0.3,Oil,Gb
Mexico,1991,50.925,Oil,Gb
United States of America,1991,24.682,Oil,Gb
Denmark,1991,0.616,Oil,Gb
Norway,1991,9.894,Oil,Gb
United Kingdom,1991,4.163,Oil,Gb
Australia,1991,3.22667,Oil,Gb
China,1991,15.492,Oil,Gb
India,1991,5.8988175,Oil,Gb
Brunei Darussalam,1991,1.15,Oil,Gb
Indonesia,1991,5.909,Oil,Gb
Malaysia,1991,3.743,Oil,Gb
Viet Nam,1991,0.24,Oil,Gb
Argentina,1991,1.683,Oil,Gb
Brazil,1991,4.8185,Oil,Gb
Colombia,1991,1.8845,Oil,Gb
Ecuador,1991,1.5243,Oil,Gb
Venezuela,1991,62.649,Oil,Gb
Iran,1991,92.86,Oil,Gb
Iraq,1991,100.0,Oil,Gb
Kuwait,1991,96.5,Oil,Gb
Oman,1991,4.471,Oil,Gb
Qatar,1991,2.993,Oil,Gb
Saudi Arabia,1991,260.936,Oil,Gb
United Arab Emirates,1991,98.1,Oil,Gb
Algeria,1991,9.2,Oil,Gb
Angola,1991,1.45,Oil,Gb
Congo,1991,0.83,Oil,Gb
Egypt,1991,3.376,Oil,Gb
Equatorial Guinea,1991,0.3,Oil,Gb
Gabon,1991,0.876,Oil,Gb
Libya,1991,22.8,Oil,Gb
Nigeria,1991,20.0,Oil,Gb
Sudan,1991,0.3,Oil,Gb
Russian federation & USSR,1991,64.99,Oil,Gb
Canada,1992,5.093100000000001,Oil,Gb
Chile,1992,0.3,Oil,Gb
Mexico,1992,51.225,Oil,Gb
United States of America,1992,23.745,Oil,Gb
Denmark,1992,0.748,Oil,Gb
Norway,1992,10.122,Oil,Gb
United Kingdom,1992,4.575,Oil,Gb
Australia,1992,3.22038,Oil,Gb
China,1992,15.172,Oil,Gb
India,1992,5.831015000000001,Oil,Gb
Brunei Darussalam,1992,1.13,Oil,Gb
Indonesia,1992,5.5978,Oil,Gb
Malaysia,1992,4.279,Oil,Gb
Viet Nam,1992,0.35,Oil,Gb
Argentina,1992,2.017,Oil,Gb
Brazil,1992,4.966,Oil,Gb
Colombia,1992,3.2318000000000002,Oil,Gb
Ecuador,1992,3.24,Oil,Gb
Venezuela,1992,63.33,Oil,Gb
Iran,1992,92.86,Oil,Gb
Iraq,1992,100.0,Oil,Gb
Kuwait,1992,96.5,Oil,Gb
Oman,1992,4.748,Oil,Gb
Qatar,1992,3.121,Oil,Gb
Saudi Arabia,1992,261.203,Oil,Gb
United Arab Emirates,1992,98.1,Oil,Gb
Algeria,1992,9.2,Oil,Gb
Angola,1992,1.334,Oil,Gb
Congo,1992,0.83,Oil,Gb
Egypt,1992,3.439,Oil,Gb
Equatorial Guinea,1992,0.3,Oil,Gb
Gabon,1992,0.768,Oil,Gb
Libya,1992,22.8,Oil,Gb
Nigeria,1992,20.9905,Oil,Gb
Sudan,1992,0.3,Oil,Gb
Russian federation & USSR,1992,64.58,Oil,Gb
Canada,1993,5.0355,Oil,Gb
Chile,1993,0.3,Oil,Gb
Mexico,1993,50.776,Oil,Gb
United States of America,1993,22.957,Oil,Gb
Denmark,1993,0.704,Oil,Gb
Norway,1993,10.194,Oil,Gb
United Kingdom,1993,4.538,Oil,Gb
Australia,1993,3.25812,Oil,Gb
China,1993,16.413,Oil,Gb
India,1993,5.6844149999999996,Oil,Gb
Brunei Darussalam,1993,1.25,Oil,Gb
Indonesia,1993,5.16688,Oil,Gb
Malaysia,1993,4.277,Oil,Gb
Viet Nam,1993,0.596,Oil,Gb
Argentina,1993,2.217,Oil,Gb
Brazil,1993,4.9823,Oil,Gb
Colombia,1993,3.1563000000000003,Oil,Gb
Ecuador,1993,3.6598,Oil,Gb
Venezuela,1993,64.448,Oil,Gb
Iran,1993,92.86,Oil,Gb
Iraq,1993,100.0,Oil,Gb
Kuwait,1993,96.5,Oil,Gb
Oman,1993,4.97,Oil,Gb
Qatar,1993,3.121,Oil,Gb
Saudi Arabia,1993,261.355,Oil,Gb
United Arab Emirates,1993,98.1,Oil,Gb
Algeria,1993,9.2,Oil,Gb
Angola,1993,1.901,Oil,Gb
Congo,1993,0.83,Oil,Gb
Egypt,1993,3.1,Oil,Gb
Equatorial Guinea,1993,0.3,Oil,Gb
Gabon,1993,0.662,Oil,Gb
Libya,1993,22.8,Oil,Gb
Nigeria,1993,20.9905,Oil,Gb
Sudan,1993,0.3,Oil,Gb
Russian federation & USSR,1993,64.279,Oil,Gb
Canada,1994,4.8985,Oil,Gb
Chile,1994,0.3,Oil,Gb
Mexico,1994,49.775,Oil,Gb
United States of America,1994,22.457,Oil,Gb
Denmark,1994,0.755,Oil,Gb
Norway,1994,12.277,Oil,Gb
United Kingdom,1994,4.313,Oil,Gb
Australia,1994,3.81792,Oil,Gb
China,1994,16.236,Oil,Gb
India,1994,5.5469775,Oil,Gb
Brunei Darussalam,1994,1.188,Oil,Gb
Indonesia,1994,4.9797,Oil,Gb
Malaysia,1994,4.277,Oil,Gb
Viet Nam,1994,0.639,Oil,Gb
Argentina,1994,2.253,Oil,Gb
Brazil,1994,5.3746,Oil,Gb
Colombia,1994,3.1383,Oil,Gb
Ecuador,1994,3.4911999999999996,Oil,Gb
Venezuela,1994,64.877,Oil,Gb
Iran,1994,94.3,Oil,Gb
Iraq,1994,100.0,Oil,Gb
Kuwait,1994,96.5,Oil,Gb
Oman,1994,5.138,Oil,Gb
Qatar,1994,3.5,Oil,Gb
Saudi Arabia,1994,261.374,Oil,Gb
United Arab Emirates,1994,98.1,Oil,Gb
Algeria,1994,9.979,Oil,Gb
Angola,1994,2.965,Oil,Gb
Congo,1994,0.83,Oil,Gb
Egypt,1994,3.265,Oil,Gb
Equatorial Guinea,1994,0.3,Oil,Gb
Gabon,1994,1.4,Oil,Gb
Libya,1994,22.8,Oil,Gb
Nigeria,1994,20.9905,Oil,Gb
Sudan,1994,0.3,Oil,Gb
Russian federation & USSR,1994,63.938,Oil,Gb
Canada,1995,4.8936,Oil,Gb
Chile,1995,0.3,Oil,Gb
Mexico,1995,48.796,Oil,Gb
United States of America,1995,22.351,Oil,Gb
Denmark,1995,0.912,Oil,Gb
Norway,1995,13.612,Oil,Gb
United Kingdom,1995,4.538,Oil,Gb
Australia,1995,3.7990500000000003,Oil,Gb
China,1995,16.333,Oil,Gb
India,1995,5.3563975,Oil,Gb
Brunei Darussalam,1995,1.124,Oil,Gb
Indonesia,1995,4.9797,Oil,Gb
Malaysia,1995,4.0,Oil,Gb
Viet Nam,1995,0.764,Oil,Gb
Argentina,1995,2.386,Oil,Gb
Brazil,1995,6.223199999999999,Oil,Gb
Colombia,1995,2.9518,Oil,Gb
Ecuador,1995,3.3853,Oil,Gb
Venezuela,1995,66.329,Oil,Gb
Iran,1995,93.7,Oil,Gb
Iraq,1995,100.0,Oil,Gb
Kuwait,1995,96.5,Oil,Gb
Oman,1995,5.172,Oil,Gb
Qatar,1995,3.7,Oil,Gb
Saudi Arabia,1995,261.45,Oil,Gb
United Arab Emirates,1995,98.1,Oil,Gb
Algeria,1995,9.979,Oil,Gb
Angola,1995,3.125,Oil,Gb
Congo,1995,1.5059,Oil,Gb
Egypt,1995,3.115,Oil,Gb
Equatorial Guinea,1995,0.555,Oil,Gb
Gabon,1995,1.47,Oil,Gb
Libya,1995,29.5,Oil,Gb
Nigeria,1995,20.828,Oil,Gb
Sudan,1995,0.3,Oil,Gb
Russian federation & USSR,1995,63.659,Oil,Gb
Canada,1996,4.8392,Oil,Gb
Chile,1996,0.3,Oil,Gb
Mexico,1996,48.472,Oil,Gb
United States of America,1996,22.017,Oil,Gb
Denmark,1996,0.862,Oil,Gb
Norway,1996,11.28,Oil,Gb
United Kingdom,1996,4.988,Oil,Gb
Australia,1996,3.81792,Oil,Gb
China,1996,16.422,Oil,Gb
India,1996,5.3637274999999995,Oil,Gb
Brunei Darussalam,1996,1.09,Oil,Gb
Indonesia,1996,4.9797,Oil,Gb
Malaysia,1996,3.852,Oil,Gb
Viet Nam,1996,0.89,Oil,Gb
Argentina,1996,2.588,Oil,Gb
Brazil,1996,6.6808000000000005,Oil,Gb
Colombia,1996,2.798,Oil,Gb
Ecuador,1996,3.453,Oil,Gb
Venezuela,1996,72.667,Oil,Gb
Iran,1996,92.6,Oil,Gb
Iraq,1996,112.0,Oil,Gb
Kuwait,1996,96.5,Oil,Gb
Oman,1996,5.238,Oil,Gb
Qatar,1996,3.7,Oil,Gb
Saudi Arabia,1996,261.444,Oil,Gb
United Arab Emirates,1996,97.8,Oil,Gb
Algeria,1996,10.8,Oil,Gb
Angola,1996,3.695,Oil,Gb
Congo,1996,1.5059,Oil,Gb
Egypt,1996,3.0,Oil,Gb
Equatorial Guinea,1996,0.555,Oil,Gb
Gabon,1996,2.8,Oil,Gb
Libya,1996,29.5,Oil,Gb
Nigeria,1996,20.828,Oil,Gb
Sudan,1996,0.3,Oil,Gb
Russian federation & USSR,1996,54.086,Oil,Gb
Azerbaijan,1996,1.178,Oil,Gb
Belarus,1996,0.198,Oil,Gb
Kazakhstan,1996,5.417,Oil,Gb
Turkmenistan,1996,0.546,Oil,Gb
Ukraine,1996,0.395,Oil,Gb
Uzbekistan,1996,0.594,Oil,Gb
Canada,1997,4.9308000000000005,Oil,Gb
Chile,1997,0.15,Oil,Gb
Mexico,1997,47.822,Oil,Gb
United States of America,1997,22.546,Oil,Gb
Denmark,1997,0.943,Oil,Gb
Norway,1997,10.913,Oil,Gb
United Kingdom,1997,5.175,Oil,Gb
Australia,1997,4.03806,Oil,Gb
China,1997,16.998,Oil,Gb
India,1997,5.4681999999999995,Oil,Gb
Brunei Darussalam,1997,1.06,Oil,Gb
Indonesia,1997,4.8671999999999995,Oil,Gb
Malaysia,1997,3.88,Oil,Gb
Viet Nam,1997,1.246,Oil,Gb
Argentina,1997,2.621,Oil,Gb
Brazil,1997,7.106,Oil,Gb
Colombia,1997,2.577,Oil,Gb
Ecuador,1997,3.674,Oil,Gb
Venezuela,1997,74.9308,Oil,Gb
Iran,1997,92.6,Oil,Gb
Iraq,1997,112.5,Oil,Gb
Kuwait,1997,96.5,Oil,Gb
Oman,1997,5.4,Oil,Gb
Qatar,1997,3.7,Oil,Gb
Saudi Arabia,1997,261.541,Oil,Gb
United Arab Emirates,1997,97.8,Oil,Gb
Algeria,1997,11.2,Oil,Gb
Angola,1997,3.9,Oil,Gb
Congo,1997,1.5059,Oil,Gb
Egypt,1997,2.924,Oil,Gb
Equatorial Guinea,1997,0.555,Oil,Gb
Gabon,1997,2.672,Oil,Gb
Libya,1997,29.5,Oil,Gb
Nigeria,1997,20.828,Oil,Gb
Sudan,1997,0.2621,Oil,Gb
Russian federation & USSR,1997,55.143,Oil,Gb
Azerbaijan,1997,1.178,Oil,Gb
Belarus,1997,0.198,Oil,Gb
Kazakhstan,1997,5.417,Oil,Gb
Turkmenistan,1997,0.546,Oil,Gb
Ukraine,1997,0.395,Oil,Gb
Uzbekistan,1997,0.594,Oil,Gb
Canada,1998,4.8768,Oil,Gb
Chile,1998,0.15,Oil,Gb
Mexico,1998,28.399,Oil,Gb
United States of America,1998,21.034,Oil,Gb
Denmark,1998,0.881,Oil,Gb
Norway,1998,10.366,Oil,Gb
United Kingdom,1998,5.138,Oil,Gb
Australia,1998,4.77397,Oil,Gb
China,1998,17.399,Oil,Gb
India,1998,5.394,Oil,Gb
Brunei Darussalam,1998,1.02,Oil,Gb
Indonesia,1998,5.0999,Oil,Gb
Malaysia,1998,3.63,Oil,Gb
Viet Nam,1998,1.9,Oil,Gb
Argentina,1998,2.753,Oil,Gb
Brazil,1998,7.357,Oil,Gb
Colombia,1998,2.478,Oil,Gb
Ecuador,1998,4.102,Oil,Gb
Venezuela,1998,76.108367,Oil,Gb
Iran,1998,93.7,Oil,Gb
Iraq,1998,112.5,Oil,Gb
Kuwait,1998,96.5,Oil,Gb
Oman,1998,5.4,Oil,Gb
Qatar,1998,3.7,Oil,Gb
Saudi Arabia,1998,261.542,Oil,Gb
United Arab Emirates,1998,97.8,Oil,Gb
Algeria,1998,11.314,Oil,Gb
Angola,1998,4.03,Oil,Gb
Congo,1998,1.505913,Oil,Gb
Egypt,1998,3.757,Oil,Gb
Equatorial Guinea,1998,0.555,Oil,Gb
Gabon,1998,2.565,Oil,Gb
Libya,1998,29.5,Oil,Gb
Nigeria,1998,22.5,Oil,Gb
Sudan,1998,0.2621,Oil,Gb
Russian federation & USSR,1998,55.757,Oil,Gb
Azerbaijan,1998,1.178,Oil,Gb
Belarus,1998,0.198,Oil,Gb
Kazakhstan,1998,25.02,Oil,Gb
Turkmenistan,1998,0.546,Oil,Gb
Ukraine,1998,0.395,Oil,Gb
Uzbekistan,1998,0.594,Oil,Gb
Canada,1999,4.7038,Oil,Gb
Chile,1999,0.15,Oil,Gb
Mexico,1999,28.26,Oil,Gb
United States of America,1999,21.765,Oil,Gb
Denmark,1999,0.906,Oil,Gb
Norway,1999,10.921,Oil,Gb
United Kingdom,1999,4.988,Oil,Gb
Australia,1999,4.742520000000001,Oil,Gb
China,1999,17.832,Oil,Gb
India,1999,4.972,Oil,Gb
Brunei Darussalam,1999,1.3,Oil,Gb
Indonesia,1999,5.200961,Oil,Gb
Malaysia,1999,5.029,Oil,Gb
Viet Nam,1999,1.8,Oil,Gb
Argentina,1999,3.071,Oil,Gb
Brazil,1999,8.153,Oil,Gb
Colombia,1999,2.289,Oil,Gb
Ecuador,1999,4.428,Oil,Gb
Venezuela,1999,76.84808,Oil,Gb
Iran,1999,93.1,Oil,Gb
Iraq,1999,112.5,Oil,Gb
Kuwait,1999,96.5,Oil,Gb
Oman,1999,5.7,Oil,Gb
Qatar,1999,3.7,Oil,Gb
Saudi Arabia,1999,262.784,Oil,Gb
United Arab Emirates,1999,97.8,Oil,Gb
Algeria,1999,11.314,Oil,Gb
Angola,1999,5.05,Oil,Gb
Congo,1999,1.505913,Oil,Gb
Egypt,1999,3.767,Oil,Gb
Equatorial Guinea,1999,0.555,Oil,Gb
Gabon,1999,2.565,Oil,Gb
Libya,1999,29.5,Oil,Gb
Nigeria,1999,29.0,Oil,Gb
Sudan,1999,0.2621,Oil,Gb
Russian federation & USSR,1999,59.217,Oil,Gb
Azerbaijan,1999,1.178,Oil,Gb
Belarus,1999,0.198,Oil,Gb
Kazakhstan,1999,25.02,Oil,Gb
Turkmenistan,1999,0.546,Oil,Gb
Ukraine,1999,0.395,Oil,Gb
Uzbekistan,1999,0.594,Oil,Gb
Canada,2000,4.855899999999999,Oil,Gb
Chile,2000,0.15,Oil,Gb
Mexico,2000,24.384,Oil,Gb
United States of America,2000,22.045,Oil,Gb
Denmark,2000,1.113,Oil,Gb
Norway,2000,11.373,Oil,Gb
United Kingdom,2000,4.725,Oil,Gb
Australia,2000,4.94379,Oil,Gb
China,2000,17.945,Oil,Gb
India,2000,5.29,Oil,Gb
Brunei Darussalam,2000,1.23,Oil,Gb
Indonesia,2000,5.122623,Oil,Gb
Malaysia,2000,4.53,Oil,Gb
Viet Nam,2000,1.95,Oil,Gb
Argentina,2000,2.974,Oil,Gb
Brazil,2000,8.464,Oil,Gb
Colombia,2000,1.972,Oil,Gb
Ecuador,2000,4.566,Oil,Gb
Venezuela,2000,76.84808,Oil,Gb
Iran,2000,99.53,Oil,Gb
Iraq,2000,112.5,Oil,Gb
Kuwait,2000,96.5,Oil,Gb
Oman,2000,5.848,Oil,Gb
Qatar,2000,13.157,Oil,Gb
Saudi Arabia,2000,262.766,Oil,Gb
United Arab Emirates,2000,97.8,Oil,Gb
Algeria,2000,11.314,Oil,Gb
Angola,2000,5.972,Oil,Gb
Congo,2000,1.505913,Oil,Gb
Egypt,2000,3.627,Oil,Gb
Equatorial Guinea,2000,0.8,Oil,Gb
Gabon,2000,2.42,Oil,Gb
Libya,2000,36.0,Oil,Gb
Nigeria,2000,29.0,Oil,Gb
Sudan,2000,0.6,Oil,Gb
Russian federation & USSR,2000,59.639,Oil,Gb
Azerbaijan,2000,1.178,Oil,Gb
Belarus,2000,0.198,Oil,Gb
Kazakhstan,2000,25.02,Oil,Gb
Turkmenistan,2000,0.546,Oil,Gb
Ukraine,2000,0.395,Oil,Gb
Uzbekistan,2000,0.594,Oil,Gb
Canada,2001,4.6551,Oil,Gb
Chile,2001,0.15,Oil,Gb
Mexico,2001,25.425,Oil,Gb
United States of America,2001,22.446,Oil,Gb
Denmark,2001,1.346,Oil,Gb
Norway,2001,11.597,Oil,Gb
United Kingdom,2001,4.538,Oil,Gb
Australia,2001,4.95637,Oil,Gb
China,2001,18.3,Oil,Gb
India,2001,5.513,Oil,Gb
Brunei Darussalam,2001,1.16,Oil,Gb
Indonesia,2001,5.094600000000001,Oil,Gb
Malaysia,2001,4.457,Oil,Gb
Viet Nam,2001,2.2,Oil,Gb
Argentina,2001,2.879,Oil,Gb
Brazil,2001,8.485,Oil,Gb
Colombia,2001,1.842,Oil,Gb
Ecuador,2001,4.63,Oil,Gb
Venezuela,2001,77.685,Oil,Gb
Iran,2001,99.08,Oil,Gb
Iraq,2001,115.0,Oil,Gb
Kuwait,2001,96.5,Oil,Gb
Oman,2001,5.9,Oil,Gb
Qatar,2001,15.207,Oil,Gb
Saudi Arabia,2001,262.697,Oil,Gb
United Arab Emirates,2001,97.8,Oil,Gb
Algeria,2001,11.314,Oil,Gb
Angola,2001,6.5,Oil,Gb
Congo,2001,1.505913,Oil,Gb
Egypt,2001,3.668,Oil,Gb
Equatorial Guinea,2001,1.11,Oil,Gb
Gabon,2001,2.4,Oil,Gb
Libya,2001,36.0,Oil,Gb
Nigeria,2001,31.506,Oil,Gb
Sudan,2001,6.0,Oil,Gb
Russian federation & USSR,2001,64.578,Oil,Gb
Azerbaijan,2001,7.0,Oil,Gb
Belarus,2001,0.198,Oil,Gb
Kazakhstan,2001,39.62,Oil,Gb
Turkmenistan,2001,0.546,Oil,Gb
Ukraine,2001,0.395,Oil,Gb
Uzbekistan,2001,0.594,Oil,Gb
Canada,2002,4.49,Oil,Gb
Chile,2002,0.15,Oil,Gb
Mexico,2002,17.196,Oil,Gb
United States of America,2002,22.677,Oil,Gb
Denmark,2002,1.277,Oil,Gb
Norway,2002,10.448,Oil,Gb
United Kingdom,2002,4.463,Oil,Gb
Australia,2002,4.57269,Oil,Gb
China,2002,15.509,Oil,Gb
India,2002,5.576,Oil,Gb
Brunei Darussalam,2002,1.1,Oil,Gb
Indonesia,2002,4.721841,Oil,Gb
Malaysia,2002,4.54,Oil,Gb
Viet Nam,2002,2.812,Oil,Gb
Argentina,2002,2.821,Oil,Gb
Brazil,2002,10.535,Oil,Gb
Colombia,2002,1.632,Oil,Gb
Ecuador,2002,5.06,Oil,Gb
Venezuela,2002,77.307,Oil,Gb
Iran,2002,130.69,Oil,Gb
Iraq,2002,115.0,Oil,Gb
Kuwait,2002,96.5,Oil,Gb
Oman,2002,5.706,Oil,Gb
Qatar,2002,15.207,Oil,Gb
Saudi Arabia,2002,262.79,Oil,Gb
United Arab Emirates,2002,97.8,Oil,Gb
Algeria,2002,11.314,Oil,Gb
Angola,2002,8.9,Oil,Gb
Congo,2002,1.515,Oil,Gb
Egypt,2002,3.525,Oil,Gb
Equatorial Guinea,2002,1.095,Oil,Gb
Gabon,2002,2.37,Oil,Gb
Libya,2002,36.0,Oil,Gb
Nigeria,2002,34.349,Oil,Gb
Sudan,2002,6.0,Oil,Gb
Russian federation & USSR,2002,73.949,Oil,Gb
Azerbaijan,2002,7.0,Oil,Gb
Belarus,2002,0.198,Oil,Gb
Kazakhstan,2002,39.62,Oil,Gb
Turkmenistan,2002,0.546,Oil,Gb
Ukraine,2002,0.395,Oil,Gb
Uzbekistan,2002,0.594,Oil,Gb
Canada,2003,4.254,Oil,Gb
Chile,2003,0.15,Oil,Gb
Mexico,2003,16.04,Oil,Gb
United States of America,2003,21.891,Oil,Gb
Denmark,2003,1.277,Oil,Gb
Norway,2003,10.149,Oil,Gb
United Kingdom,2003,4.283,Oil,Gb
Australia,2003,3.74944,Oil,Gb
China,2003,15.476,Oil,Gb
India,2003,5.731,Oil,Gb
Brunei Darussalam,2003,1.05,Oil,Gb
Indonesia,2003,4.3197125,Oil,Gb
Malaysia,2003,4.84,Oil,Gb
Viet Nam,2003,2.96,Oil,Gb
Argentina,2003,2.675,Oil,Gb
Brazil,2003,11.302,Oil,Gb
Colombia,2003,1.542,Oil,Gb
Ecuador,2003,5.06,Oil,Gb
Venezuela,2003,77.226186,Oil,Gb
Iran,2003,133.25,Oil,Gb
Iraq,2003,115.0,Oil,Gb
Kuwait,2003,99.0,Oil,Gb
Oman,2003,5.572,Oil,Gb
Qatar,2003,26.089,Oil,Gb
Saudi Arabia,2003,262.73,Oil,Gb
United Arab Emirates,2003,97.8,Oil,Gb
Algeria,2003,11.8,Oil,Gb
Angola,2003,8.801,Oil,Gb
Congo,2003,1.785,Oil,Gb
Egypt,2003,3.525,Oil,Gb
Equatorial Guinea,2003,1.28,Oil,Gb
Gabon,2003,2.285,Oil,Gb
Libya,2003,39.126,Oil,Gb
Nigeria,2003,35.254870000000004,Oil,Gb
Sudan,2003,6.0,Oil,Gb
Russian federation & USSR,2003,77.345,Oil,Gb
Azerbaijan,2003,7.0,Oil,Gb
Belarus,2003,0.198,Oil,Gb
Kazakhstan,2003,39.62,Oil,Gb
Turkmenistan,2003,0.546,Oil,Gb
Ukraine,2003,0.395,Oil,Gb
Uzbekistan,2003,0.594,Oil,Gb
Canada,2004,4.352,Oil,Gb
Chile,2004,0.15,Oil,Gb
Mexico,2004,14.803,Oil,Gb
United States of America,2004,21.371,Oil,Gb
Denmark,2004,1.327,Oil,Gb
Norway,2004,9.722,Oil,Gb
United Kingdom,2004,3.998,Oil,Gb
Australia,2004,3.88926,Oil,Gb
China,2004,18.259,Oil,Gb
India,2004,5.565,Oil,Gb
Brunei Darussalam,2004,1.12,Oil,Gb
Indonesia,2004,4.300679,Oil,Gb
Malaysia,2004,5.16,Oil,Gb
Viet Nam,2004,3.084,Oil,Gb
Argentina,2004,2.478,Oil,Gb
Brazil,2004,11.591,Oil,Gb
Colombia,2004,1.478,Oil,Gb
Ecuador,2004,5.18,Oil,Gb
Venezuela,2004,79.729179,Oil,Gb
Iran,2004,132.46,Oil,Gb
Iraq,2004,115.0,Oil,Gb
Kuwait,2004,101.5,Oil,Gb
Oman,2004,5.572,Oil,Gb
Qatar,2004,25.494,Oil,Gb
Saudi Arabia,2004,264.31,Oil,Gb
United Arab Emirates,2004,97.8,Oil,Gb
Algeria,2004,11.35,Oil,Gb
Angola,2004,9.035,Oil,Gb
Congo,2004,1.784,Oil,Gb
Egypt,2004,3.62,Oil,Gb
Equatorial Guinea,2004,1.765,Oil,Gb
Gabon,2004,2.19,Oil,Gb
Libya,2004,39.126,Oil,Gb
Nigeria,2004,35.87623000000001,Oil,Gb
Sudan,2004,6.405,Oil,Gb
Russian federation & USSR,2004,76.772,Oil,Gb
Azerbaijan,2004,7.0,Oil,Gb
Belarus,2004,0.198,Oil,Gb
Kazakhstan,2004,39.62,Oil,Gb
Turkmenistan,2004,0.546,Oil,Gb
Ukraine,2004,0.395,Oil,Gb
Uzbekistan,2004,0.594,Oil,Gb
Canada,2005,5.208,Oil,Gb
Chile,2005,0.15,Oil,Gb
Mexico,2005,13.67,Oil,Gb
United States of America,2005,21.757,Oil,Gb
Denmark,2005,1.277,Oil,Gb
Norway,2005,9.697,Oil,Gb
United Kingdom,2005,3.87,Oil,Gb
Australia,2005,3.71834,Oil,Gb
China,2005,18.25,Oil,Gb
India,2005,5.919,Oil,Gb
Brunei Darussalam,2005,1.105,Oil,Gb
Indonesia,2005,4.1875,Oil,Gb
Malaysia,2005,5.252,Oil,Gb
Viet Nam,2005,3.119,Oil,Gb
Argentina,2005,2.32,Oil,Gb
Brazil,2005,11.772,Oil,Gb
Colombia,2005,1.453,Oil,Gb
Ecuador,2005,5.18,Oil,Gb
Venezuela,2005,80.012,Oil,Gb
Iran,2005,136.27,Oil,Gb
Iraq,2005,115.0,Oil,Gb
Kuwait,2005,101.5,Oil,Gb
Oman,2005,5.572,Oil,Gb
Qatar,2005,25.288,Oil,Gb
Saudi Arabia,2005,264.211,Oil,Gb
United Arab Emirates,2005,97.8,Oil,Gb
Algeria,2005,12.27,Oil,Gb
Angola,2005,9.05,Oil,Gb
Congo,2005,1.905,Oil,Gb
Egypt,2005,3.72,Oil,Gb
Equatorial Guinea,2005,1.805,Oil,Gb
Gabon,2005,2.146,Oil,Gb
Libya,2005,41.464,Oil,Gb
Nigeria,2005,36.22,Oil,Gb
Sudan,2005,6.402,Oil,Gb
Russian federation & USSR,2005,77.712,Oil,Gb
Azerbaijan,2005,7.0,Oil,Gb
Belarus,2005,0.198,Oil,Gb
Kazakhstan,2005,39.828,Oil,Gb
Turkmenistan,2005,0.546,Oil,Gb
Ukraine,2005,0.395,Oil,Gb
Uzbekistan,2005,0.594,Oil,Gb
Canada,2006,4.942,Oil,Gb
Chile,2006,0.15,Oil,Gb
Mexico,2006,12.85,Oil,Gb
United States of America,2006,20.972,Oil,Gb
Denmark,2006,1.157,Oil,Gb
Norway,2006,8.548,Oil,Gb
United Kingdom,2006,3.593,Oil,Gb
Australia,2006,3.51452,Oil,Gb
China,2006,20.22,Oil,Gb
India,2006,5.693,Oil,Gb
Brunei Darussalam,2006,1.2,Oil,Gb
Indonesia,2006,4.3703,Oil,Gb
Malaysia,2006,5.357,Oil,Gb
Viet Nam,2006,3.25,Oil,Gb
Argentina,2006,2.468,Oil,Gb
Brazil,2006,12.182,Oil,Gb
Colombia,2006,1.509,Oil,Gb
Ecuador,2006,5.18,Oil,Gb
Venezuela,2006,87.3236,Oil,Gb
Iran,2006,138.4,Oil,Gb
Iraq,2006,115.0,Oil,Gb
Kuwait,2006,101.5,Oil,Gb
Oman,2006,5.572,Oil,Gb
Qatar,2006,26.185,Oil,Gb
Saudi Arabia,2006,264.251,Oil,Gb
United Arab Emirates,2006,97.8,Oil,Gb
Algeria,2006,12.2,Oil,Gb
Angola,2006,9.33,Oil,Gb
Congo,2006,1.94,Oil,Gb
Egypt,2006,3.72,Oil,Gb
Equatorial Guinea,2006,1.755,Oil,Gb
Gabon,2006,1.995,Oil,Gb
Libya,2006,41.464,Oil,Gb
Nigeria,2006,37.2,Oil,Gb
Sudan,2006,6.615,Oil,Gb
Russian federation & USSR,2006,79.306,Oil,Gb
Azerbaijan,2006,7.0,Oil,Gb
Belarus,2006,0.198,Oil,Gb
Kazakhstan,2006,39.828,Oil,Gb
Turkmenistan,2006,0.6,Oil,Gb
Ukraine,2006,0.395,Oil,Gb
Uzbekistan,2006,0.594,Oil,Gb
Canada,2007,5.01445,Oil,Gb
Chile,2007,0.15,Oil,Gb
Mexico,2007,12.187,Oil,Gb
United States of America,2007,21.317,Oil,Gb
Denmark,2007,1.113,Oil,Gb
Norway,2007,8.168,Oil,Gb
United Kingdom,2007,3.593,Oil,Gb
Australia,2007,3.42896,Oil,Gb
China,2007,20.22,Oil,Gb
India,2007,5.459,Oil,Gb
Brunei Darussalam,2007,1.2,Oil,Gb
Indonesia,2007,3.9897,Oil,Gb
Malaysia,2007,5.46,Oil,Gb
Viet Nam,2007,3.41,Oil,Gb
Argentina,2007,2.587,Oil,Gb
Brazil,2007,12.624,Oil,Gb
Colombia,2007,1.51,Oil,Gb
Ecuador,2007,6.368,Oil,Gb
Venezuela,2007,99.3774,Oil,Gb
Iran,2007,136.15,Oil,Gb
Iraq,2007,115.0,Oil,Gb
Kuwait,2007,101.5,Oil,Gb
Oman,2007,5.572,Oil,Gb
Qatar,2007,25.09,Oil,Gb
Saudi Arabia,2007,264.209,Oil,Gb
United Arab Emirates,2007,97.8,Oil,Gb
Algeria,2007,12.2,Oil,Gb
Angola,2007,9.5,Oil,Gb
Congo,2007,1.94,Oil,Gb
Egypt,2007,4.07,Oil,Gb
Equatorial Guinea,2007,1.705,Oil,Gb
Gabon,2007,1.995,Oil,Gb
Libya,2007,43.6634,Oil,Gb
Nigeria,2007,37.2,Oil,Gb
Sudan,2007,6.7,Oil,Gb
Russian federation & USSR,2007,72.97,Oil,Gb
Azerbaijan,2007,7.0,Oil,Gb
Belarus,2007,0.198,Oil,Gb
Kazakhstan,2007,30.0,Oil,Gb
Turkmenistan,2007,0.6,Oil,Gb
Ukraine,2007,0.395,Oil,Gb
Uzbekistan,2007,0.594,Oil,Gb
Canada,2008,4.812,Oil,Gb
Chile,2008,0.15,Oil,Gb
Mexico,2008,11.865,Oil,Gb
United States of America,2008,19.121,Oil,Gb
Denmark,2008,1.113,Oil,Gb
Norway,2008,7.491,Oil,Gb
United Kingdom,2008,3.59,Oil,Gb
Australia,2008,4.239199999999999,Oil,Gb
China,2008,21.187,Oil,Gb
India,2008,5.798,Oil,Gb
Brunei Darussalam,2008,1.2,Oil,Gb
Indonesia,2008,3.9897,Oil,Gb
Malaysia,2008,5.52,Oil,Gb
Viet Nam,2008,4.7,Oil,Gb
Argentina,2008,2.616,Oil,Gb
Brazil,2008,11.722,Oil,Gb
Colombia,2008,1.51,Oil,Gb
Ecuador,2008,6.511,Oil,Gb
Venezuela,2008,172.323,Oil,Gb
Iran,2008,137.62,Oil,Gb
Iraq,2008,115.0,Oil,Gb
Kuwait,2008,101.5,Oil,Gb
Oman,2008,5.572,Oil,Gb
Qatar,2008,25.405,Oil,Gb
Saudi Arabia,2008,264.063,Oil,Gb
United Arab Emirates,2008,97.8,Oil,Gb
Algeria,2008,12.2,Oil,Gb
Angola,2008,9.5,Oil,Gb
Congo,2008,1.94,Oil,Gb
Egypt,2008,4.34,Oil,Gb
Equatorial Guinea,2008,1.705,Oil,Gb
Gabon,2008,1.995,Oil,Gb
Libya,2008,44.271,Oil,Gb
Nigeria,2008,37.2,Oil,Gb
Sudan,2008,6.7,Oil,Gb
Russian federation & USSR,2008,75.954,Oil,Gb
Azerbaijan,2008,7.0,Oil,Gb
Belarus,2008,0.198,Oil,Gb
Kazakhstan,2008,30.0,Oil,Gb
Turkmenistan,2008,0.6,Oil,Gb
Ukraine,2008,0.395,Oil,Gb
Uzbekistan,2008,0.594,Oil,Gb
Canada,2009,4.325,Oil,Gb
Chile,2009,0.15,Oil,Gb
Mexico,2009,11.866,Oil,Gb
United States of America,2009,20.682,Oil,Gb
Denmark,2009,1.06,Oil,Gb
Norway,2009,7.078,Oil,Gb
United Kingdom,2009,3.1,Oil,Gb
Australia,2009,4.0614,Oil,Gb
China,2009,21.618,Oil,Gb
India,2009,5.823,Oil,Gb
Brunei Darussalam,2009,1.1,Oil,Gb
Indonesia,2009,3.9897,Oil,Gb
Malaysia,2009,3.572,Oil,Gb
Viet Nam,2009,4.5,Oil,Gb
Argentina,2009,2.52,Oil,Gb
Brazil,2009,11.899,Oil,Gb
Colombia,2009,1.362,Oil,Gb
Ecuador,2009,6.511,Oil,Gb
Venezuela,2009,211.173193,Oil,Gb
Iran,2009,137.01,Oil,Gb
Iraq,2009,115.0,Oil,Gb
Kuwait,2009,101.5,Oil,Gb
Oman,2009,5.5,Oil,Gb
Qatar,2009,25.3819,Oil,Gb
Saudi Arabia,2009,264.59,Oil,Gb
United Arab Emirates,2009,97.8,Oil,Gb
Algeria,2009,12.2,Oil,Gb
Angola,2009,9.5,Oil,Gb
Congo,2009,2.0,Oil,Gb
Egypt,2009,4.3,Oil,Gb
Equatorial Guinea,2009,1.705,Oil,Gb
Gabon,2009,2.0,Oil,Gb
Libya,2009,46.422,Oil,Gb
Nigeria,2009,37.2,Oil,Gb
Sudan,2009,5.0,Oil,Gb
Russian federation & USSR,2009,76.65,Oil,Gb
Azerbaijan,2009,7.0,Oil,Gb
Belarus,2009,0.198,Oil,Gb
Kazakhstan,2009,30.0,Oil,Gb
Turkmenistan,2009,0.6,Oil,Gb
Ukraine,2009,0.395,Oil,Gb
Uzbekistan,2009,0.594,Oil,Gb
Canada,2010,4.145,Oil,Gb
Chile,2010,0.15,Oil,Gb
Mexico,2010,11.691,Oil,Gb
United States of America,2010,23.267,Oil,Gb
Denmark,2010,0.812,Oil,Gb
Norway,2010,6.804,Oil,Gb
United Kingdom,2010,2.8,Oil,Gb
Australia,2010,3.83108,Oil,Gb
China,2010,23.268,Oil,Gb
India,2010,5.883,Oil,Gb
Brunei Darussalam,2010,1.1,Oil,Gb
Indonesia,2010,3.9897,Oil,Gb
Malaysia,2010,3.739,Oil,Gb
Viet Nam,2010,4.4,Oil,Gb
Argentina,2010,2.50468,Oil,Gb
Brazil,2010,11.985,Oil,Gb
Colombia,2010,1.36,Oil,Gb
Ecuador,2010,7.206,Oil,Gb
Venezuela,2010,296.501064,Oil,Gb
Iran,2010,151.17,Oil,Gb
Iraq,2010,143.1,Oil,Gb
Kuwait,2010,101.5,Oil,Gb
Oman,2010,5.5,Oil,Gb
Qatar,2010,25.3819,Oil,Gb
Saudi Arabia,2010,264.516,Oil,Gb
United Arab Emirates,2010,97.8,Oil,Gb
Algeria,2010,12.2,Oil,Gb
Angola,2010,9.055,Oil,Gb
Congo,2010,2.0,Oil,Gb
Egypt,2010,4.4,Oil,Gb
Equatorial Guinea,2010,1.705,Oil,Gb
Gabon,2010,2.0,Oil,Gb
Libya,2010,47.097,Oil,Gb
Nigeria,2010,37.2,Oil,Gb
Sudan,2010,5.0,Oil,Gb
Russian federation & USSR,2010,77.403,Oil,Gb
Azerbaijan,2010,7.0,Oil,Gb
Belarus,2010,0.198,Oil,Gb
Kazakhstan,2010,30.0,Oil,Gb
Turkmenistan,2010,0.6,Oil,Gb
Ukraine,2010,0.395,Oil,Gb
Uzbekistan,2010,0.594,Oil,Gb
Canada,2011,4.122,Oil,Gb
Chile,2011,0.15,Oil,Gb
Mexico,2011,10.161,Oil,Gb
United States of America,2011,26.544,Oil,Gb
Denmark,2011,0.9,Oil,Gb
Norway,2011,6.883,Oil,Gb
United Kingdom,2011,2.8,Oil,Gb
Australia,2011,3.8729400000000003,Oil,Gb
China,2011,23.747,Oil,Gb
India,2011,5.704,Oil,Gb
Brunei Darussalam,2011,1.1,Oil,Gb
Indonesia,2011,3.64,Oil,Gb
Malaysia,2011,3.739,Oil,Gb
Viet Nam,2011,4.4,Oil,Gb
Argentina,2011,2.505,Oil,Gb
Brazil,2011,12.841,Oil,Gb
Colombia,2011,1.9,Oil,Gb
Ecuador,2011,8.235,Oil,Gb
Venezuela,2011,297.571,Oil,Gb
Iran,2011,154.58,Oil,Gb
Iraq,2011,141.35,Oil,Gb
Kuwait,2011,101.5,Oil,Gb
Oman,2011,5.5,Oil,Gb
Qatar,2011,25.382,Oil,Gb
Saudi Arabia,2011,265.405,Oil,Gb
United Arab Emirates,2011,97.8,Oil,Gb
Algeria,2011,12.2,Oil,Gb
Angola,2011,9.055,Oil,Gb
Congo,2011,2.0,Oil,Gb
Egypt,2011,4.3,Oil,Gb
Equatorial Guinea,2011,1.705,Oil,Gb
Gabon,2011,2.0,Oil,Gb
Libya,2011,48.014,Oil,Gb
Nigeria,2011,36.247,Oil,Gb
Sudan,2011,5.0,Oil,Gb
Russian federation & USSR,2011,77.403,Oil,Gb
Azerbaijan,2011,7.0,Oil,Gb
Belarus,2011,0.198,Oil,Gb
Kazakhstan,2011,30.0,Oil,Gb
Turkmenistan,2011,0.6,Oil,Gb
Ukraine,2011,0.395,Oil,Gb
Uzbekistan,2011,0.594,Oil,Gb
Canada,2012,4.291,Oil,Gb
Chile,2012,0.15,Oil,Gb
Mexico,2012,10.025,Oil,Gb
United States of America,2012,30.529,Oil,Gb
Denmark,2012,0.805,Oil,Gb
Norway,2012,7.495,Oil,Gb
United Kingdom,2012,2.8,Oil,Gb
Australia,2012,3.92197,Oil,Gb
China,2012,24.428,Oil,Gb
India,2012,5.72,Oil,Gb
Brunei Darussalam,2012,1.1,Oil,Gb
Indonesia,2012,3.291,Oil,Gb
Malaysia,2012,3.668,Oil,Gb
Viet Nam,2012,4.4,Oil,Gb
Argentina,2012,2.805,Oil,Gb
Brazil,2012,13.154,Oil,Gb
Colombia,2012,2.2,Oil,Gb
Ecuador,2012,8.235,Oil,Gb
Venezuela,2012,297.735,Oil,Gb
Iran,2012,157.3,Oil,Gb
Iraq,2012,140.3,Oil,Gb
Kuwait,2012,101.5,Oil,Gb
Oman,2012,5.5,Oil,Gb
Qatar,2012,25.244,Oil,Gb
Saudi Arabia,2012,265.85,Oil,Gb
United Arab Emirates,2012,97.8,Oil,Gb
Algeria,2012,12.2,Oil,Gb
Angola,2012,9.055,Oil,Gb
Congo,2012,2.0,Oil,Gb
Egypt,2012,4.2,Oil,Gb
Equatorial Guinea,2012,1.705,Oil,Gb
Gabon,2012,2.0,Oil,Gb
Libya,2012,48.472,Oil,Gb
Nigeria,2012,37.139,Oil,Gb
Sudan,2012,5.0,Oil,Gb
Russian federation & USSR,2012,80.0,Oil,Gb
Azerbaijan,2012,7.0,Oil,Gb
Belarus,2012,0.198,Oil,Gb
Kazakhstan,2012,30.0,Oil,Gb
Turkmenistan,2012,0.6,Oil,Gb
Ukraine,2012,0.395,Oil,Gb
Uzbekistan,2012,0.594,Oil,Gb
Canada,2013,4.281,Oil,Gb
Chile,2013,0.15,Oil,Gb
Mexico,2013,10.073,Oil,Gb
United States of America,2013,33.371,Oil,Gb
Denmark,2013,0.8050900000000001,Oil,Gb
Norway,2013,7.047,Oil,Gb
United Kingdom,2013,2.9790799999999997,Oil,Gb
Australia,2013,3.957,Oil,Gb
China,2013,24.3756,Oil,Gb
India,2013,5.711,Oil,Gb
Brunei Darussalam,2013,1.1,Oil,Gb
Indonesia,2013,3.303,Oil,Gb
Malaysia,2013,3.75,Oil,Gb
Viet Nam,2013,4.4,Oil,Gb
Argentina,2013,2.82,Oil,Gb
Brazil,2013,15.0499,Oil,Gb
Colombia,2013,2.377,Oil,Gb
Ecuador,2013,8.832,Oil,Gb
Venezuela,2013,298.35,Oil,Gb
Iran,2013,157.8,Oil,Gb
Iraq,2013,144.211,Oil,Gb
Kuwait,2013,101.5,Oil,Gb
Oman,2013,4.9743,Oil,Gb
Qatar,2013,25.244,Oil,Gb
Saudi Arabia,2013,265.789,Oil,Gb
United Arab Emirates,2013,97.8,Oil,Gb
Algeria,2013,12.2,Oil,Gb
Angola,2013,9.011,Oil,Gb
Congo,2013,2.673,Oil,Gb
Egypt,2013,3.9,Oil,Gb
Equatorial Guinea,2013,1.705,Oil,Gb
Gabon,2013,2.0,Oil,Gb
Libya,2013,48.363,Oil,Gb
Nigeria,2013,37.071,Oil,Gb
Sudan,2013,5.0,Oil,Gb
Russian federation & USSR,2013,80.0,Oil,Gb
Azerbaijan,2013,7.0,Oil,Gb
Belarus,2013,0.198,Oil,Gb
Kazakhstan,2013,30.0,Oil,Gb
Turkmenistan,2013,0.6,Oil,Gb
Ukraine,2013,0.395,Oil,Gb
Uzbekistan,2013,0.594,Oil,Gb
Canada,2014,4.129,Oil,Gb
Chile,2014,0.15,Oil,Gb
Mexico,2014,9.812,Oil,Gb
United States of America,2014,36.385,Oil,Gb
Denmark,2014,0.611,Oil,Gb
Norway,2014,6.539,Oil,Gb
United Kingdom,2014,2.98214,Oil,Gb
Australia,2014,2.39,Oil,Gb
China,2014,24.64884,Oil,Gb
India,2014,5.743,Oil,Gb
Brunei Darussalam,2014,1.1,Oil,Gb
Indonesia,2014,3.303,Oil,Gb
Malaysia,2014,3.75,Oil,Gb
Viet Nam,2014,4.4,Oil,Gb
Argentina,2014,2.3541999999999996,Oil,Gb
Brazil,2014,15.544,Oil,Gb
Colombia,2014,2.445,Oil,Gb
Ecuador,2014,8.273,Oil,Gb
Venezuela,2014,299.95317,Oil,Gb
Iran,2014,157.53,Oil,Gb
Iraq,2014,143.0694,Oil,Gb
Kuwait,2014,101.5,Oil,Gb
Oman,2014,5.151,Oil,Gb
Qatar,2014,25.244,Oil,Gb
Saudi Arabia,2014,266.578,Oil,Gb
United Arab Emirates,2014,97.8,Oil,Gb
Algeria,2014,12.2,Oil,Gb
Angola,2014,8.423,Oil,Gb
Congo,2014,2.867,Oil,Gb
Egypt,2014,3.681,Oil,Gb
Equatorial Guinea,2014,1.1,Oil,Gb
Gabon,2014,2.0,Oil,Gb
Libya,2014,48.363,Oil,Gb
Nigeria,2014,37.448,Oil,Gb
Sudan,2014,5.0,Oil,Gb
Russian federation & USSR,2014,80.0,Oil,Gb
Azerbaijan,2014,7.0,Oil,Gb
Belarus,2014,0.198,Oil,Gb
Kazakhstan,2014,30.0,Oil,Gb
Turkmenistan,2014,0.6,Oil,Gb
Ukraine,2014,0.395,Oil,Gb
Uzbekistan,2014,0.594,Oil,Gb
Canada,2015,4.354,Oil,Gb
Chile,2015,0.15,Oil,Gb
Mexico,2015,9.711,Oil,Gb
United States of America,2015,32.318,Oil,Gb
Denmark,2015,0.511,Oil,Gb
Norway,2015,8.005,Oil,Gb
United Kingdom,2015,2.754685,Oil,Gb
Australia,2015,2.39,Oil,Gb
China,2015,25.132122,Oil,Gb
India,2015,4.786,Oil,Gb
Brunei Darussalam,2015,1.1,Oil,Gb
Indonesia,2015,3.23,Oil,Gb
Malaysia,2015,3.6,Oil,Gb
Viet Nam,2015,4.4,Oil,Gb
Argentina,2015,2.3797020000000004,Oil,Gb
Brazil,2015,16.1841,Oil,Gb
Colombia,2015,2.308,Oil,Gb
Ecuador,2015,8.273,Oil,Gb
Venezuela,2015,300.878,Oil,Gb
Iran,2015,158.4,Oil,Gb
Iraq,2015,142.503,Oil,Gb
Kuwait,2015,101.5,Oil,Gb
Oman,2015,5.306,Oil,Gb
Qatar,2015,25.244,Oil,Gb
Saudi Arabia,2015,266.455,Oil,Gb
United Arab Emirates,2015,97.8,Oil,Gb
Algeria,2015,12.2,Oil,Gb
Angola,2015,9.524,Oil,Gb
Congo,2015,2.982,Oil,Gb
Egypt,2015,3.473,Oil,Gb
Equatorial Guinea,2015,1.1,Oil,Gb
Gabon,2015,2.0,Oil,Gb
Libya,2015,48.363,Oil,Gb
Nigeria,2015,37.062,Oil,Gb
Sudan,2015,5.0,Oil,Gb
Russian federation & USSR,2015,80.0,Oil,Gb
Azerbaijan,2015,7.0,Oil,Gb
Belarus,2015,0.198,Oil,Gb
Kazakhstan,2015,30.0,Oil,Gb
Turkmenistan,2015,0.6,Oil,Gb
Ukraine,2015,0.395,Oil,Gb
Uzbekistan,2015,0.594,Oil,Gb
Canada,2016,4.418,Oil,Gb
Chile,2016,0.15,Oil,Gb
Mexico,2016,7.142,Oil,Gb
United States of America,2016,32.773,Oil,Gb
Denmark,2016,0.491,Oil,Gb
Norway,2016,7.601,Oil,Gb
United Kingdom,2016,2.564,Oil,Gb
Australia,2016,2.39,Oil,Gb
China,2016,25.62,Oil,Gb
India,2016,4.622,Oil,Gb
Brunei Darussalam,2016,1.1,Oil,Gb
Indonesia,2016,3.23,Oil,Gb
Malaysia,2016,3.6,Oil,Gb
Viet Nam,2016,4.4,Oil,Gb
Argentina,2016,2.185,Oil,Gb
Brazil,2016,12.999799999999999,Oil,Gb
Colombia,2016,2.002,Oil,Gb
Ecuador,2016,8.273,Oil,Gb
Venezuela,2016,302.25,Oil,Gb
Iran,2016,157.2,Oil,Gb
Iraq,2016,148.7655,Oil,Gb
Kuwait,2016,101.5,Oil,Gb
Oman,2016,5.373,Oil,Gb
Qatar,2016,25.244,Oil,Gb
Saudi Arabia,2016,266.208,Oil,Gb
United Arab Emirates,2016,97.8,Oil,Gb
Algeria,2016,12.2,Oil,Gb
Angola,2016,9.523,Oil,Gb
Congo,2016,2.982,Oil,Gb
Egypt,2016,3.384,Oil,Gb
Equatorial Guinea,2016,1.1,Oil,Gb
Gabon,2016,2.0,Oil,Gb
Libya,2016,48.363,Oil,Gb
Nigeria,2016,37.453,Oil,Gb
Sudan,2016,5.0,Oil,Gb
Russian federation & USSR,2016,80.0,Oil,Gb
Azerbaijan,2016,7.0,Oil,Gb
Belarus,2016,0.198,Oil,Gb
Kazakhstan,2016,30.0,Oil,Gb
Turkmenistan,2016,0.6,Oil,Gb
Ukraine,2016,0.395,Oil,Gb
Uzbekistan,2016,0.594,Oil,Gb
Canada,2017,5.423,Oil,Gb
Chile,2017,0.15,Oil,Gb
Mexico,2017,6.537,Oil,Gb
United States of America,2017,39.16,Oil,Gb
Denmark,2017,0.439,Oil,Gb
Norway,2017,7.918,Oil,Gb
United Kingdom,2017,2.5,Oil,Gb
Australia,2017,2.39,Oil,Gb
China,2017,25.627,Oil,Gb
India,2017,4.495,Oil,Gb
Brunei Darussalam,2017,1.1,Oil,Gb
Indonesia,2017,3.31,Oil,Gb
Malaysia,2017,3.6,Oil,Gb
Viet Nam,2017,4.4,Oil,Gb
Argentina,2017,2.162,Oil,Gb
Brazil,2017,12.634,Oil,Gb
Colombia,2017,1.665,Oil,Gb
Ecuador,2017,8.273,Oil,Gb
Venezuela,2017,302.809,Oil,Gb
Iran,2017,155.6,Oil,Gb
Iraq,2017,147.223,Oil,Gb
Kuwait,2017,101.5,Oil,Gb
Oman,2017,5.373,Oil,Gb
Qatar,2017,25.244,Oil,Gb
Saudi Arabia,2017,266.26,Oil,Gb
United Arab Emirates,2017,97.8,Oil,Gb
Algeria,2017,12.2,Oil,Gb
Angola,2017,8.384,Oil,Gb
Congo,2017,2.982,Oil,Gb
Egypt,2017,3.325,Oil,Gb
Equatorial Guinea,2017,1.1,Oil,Gb
Gabon,2017,2.0,Oil,Gb
Libya,2017,48.363,Oil,Gb
Nigeria,2017,37.453,Oil,Gb
Sudan,2017,5.0,Oil,Gb
Russian federation & USSR,2017,80.0,Oil,Gb
Azerbaijan,2017,7.0,Oil,Gb
Belarus,2017,0.198,Oil,Gb
Kazakhstan,2017,30.0,Oil,Gb
Turkmenistan,2017,0.6,Oil,Gb
Ukraine,2017,0.395,Oil,Gb
Uzbekistan,2017,0.594,Oil,Gb
Canada,2018,5.192,Oil,Gb
Chile,2018,0.15,Oil,Gb
Mexico,2018,5.807,Oil,Gb
United States of America,2018,43.824,Oil,Gb
Denmark,2018,0.428,Oil,Gb
Norway,2018,8.645,Oil,Gb
United Kingdom,2018,2.5,Oil,Gb
Australia,2018,2.39,Oil,Gb
China,2018,25.927,Oil,Gb
India,2018,4.423,Oil,Gb
Brunei Darussalam,2018,1.1,Oil,Gb
Indonesia,2018,3.17,Oil,Gb
Malaysia,2018,3.6,Oil,Gb
Viet Nam,2018,4.4,Oil,Gb
Argentina,2018,2.017,Oil,Gb
Brazil,2018,12.835,Oil,Gb
Colombia,2018,1.782,Oil,Gb
Ecuador,2018,8.273,Oil,Gb
Venezuela,2018,303.806,Oil,Gb
Iran,2018,155.6,Oil,Gb
Iraq,2018,145.019,Oil,Gb
Kuwait,2018,101.5,Oil,Gb
Oman,2018,5.373,Oil,Gb
Qatar,2018,25.244,Oil,Gb
Saudi Arabia,2018,267.026,Oil,Gb
United Arab Emirates,2018,97.8,Oil,Gb
Algeria,2018,12.2,Oil,Gb
Angola,2018,8.16,Oil,Gb
Congo,2018,2.982,Oil,Gb
Egypt,2018,3.325,Oil,Gb
Equatorial Guinea,2018,1.1,Oil,Gb
Gabon,2018,2.0,Oil,Gb
Libya,2018,48.363,Oil,Gb
Nigeria,2018,36.972,Oil,Gb
Sudan,2018,5.0,Oil,Gb
Russian federation & USSR,2018,80.0,Oil,Gb
Azerbaijan,2018,7.0,Oil,Gb
Belarus,2018,0.198,Oil,Gb
Kazakhstan,2018,30.0,Oil,Gb
Turkmenistan,2018,0.6,Oil,Gb
Ukraine,2018,0.395,Oil,Gb
Uzbekistan,2018,0.594,Oil,Gb
Canada,2019,4.906,Oil,Gb
Chile,2019,0.15,Oil,Gb
Mexico,2019,5.333,Oil,Gb
United States of America,2019,44.191,Oil,Gb
Denmark,2019,0.441,Oil,Gb
Norway,2019,8.523,Oil,Gb
United Kingdom,2019,2.7,Oil,Gb
Australia,2019,2.39,Oil,Gb
China,2019,26.154,Oil,Gb
India,2019,4.423,Oil,Gb
Brunei Darussalam,2019,1.1,Oil,Gb
Indonesia,2019,3.15,Oil,Gb
Malaysia,2019,3.6,Oil,Gb
Viet Nam,2019,4.4,Oil,Gb
Argentina,2019,2.389,Oil,Gb
Brazil,2019,13.435,Oil,Gb
Colombia,2019,1.96,Oil,Gb
Ecuador,2019,8.273,Oil,Gb
Venezuela,2019,303.806,Oil,Gb
Iran,2019,208.6,Oil,Gb
Iraq,2019,145.019,Oil,Gb
Kuwait,2019,101.5,Oil,Gb
Oman,2019,5.373,Oil,Gb
Qatar,2019,25.244,Oil,Gb
Saudi Arabia,2019,267.073,Oil,Gb
United Arab Emirates,2019,105.0,Oil,Gb
Algeria,2019,12.2,Oil,Gb
Angola,2019,7.783,Oil,Gb
Congo,2019,1.947,Oil,Gb
Egypt,2019,3.075,Oil,Gb
Equatorial Guinea,2019,1.1,Oil,Gb
Gabon,2019,2.0,Oil,Gb
Libya,2019,48.363,Oil,Gb
Nigeria,2019,36.89,Oil,Gb
Sudan,2019,5.0,Oil,Gb
Russian federation & USSR,2019,80.0,Oil,Gb
Azerbaijan,2019,7.0,Oil,Gb
Belarus,2019,0.198,Oil,Gb
Kazakhstan,2019,30.0,Oil,Gb
Turkmenistan,2019,0.6,Oil,Gb
Ukraine,2019,0.395,Oil,Gb
Uzbekistan,2019,0.594,Oil,Gb
Canada,2020,4.919,Oil,Gb
Chile,2020,0.15,Oil,Gb
Mexico,2020,5.498,Oil,Gb
United States of America,2020,35.835,Oil,Gb
Denmark,2020,0.441,Oil,Gb
Norway,2020,7.902,Oil,Gb
United Kingdom,2020,2.5,Oil,Gb
Australia,2020,2.39,Oil,Gb
China,2020,26.023,Oil,Gb
India,2020,4.605,Oil,Gb
Brunei Darussalam,2020,1.1,Oil,Gb
Indonesia,2020,2.48,Oil,Gb
Malaysia,2020,3.6,Oil,Gb
Viet Nam,2020,4.4,Oil,Gb
Argentina,2020,2.483,Oil,Gb
Brazil,2020,12.715,Oil,Gb
Colombia,2020,2.036,Oil,Gb
Ecuador,2020,8.273,Oil,Gb
Venezuela,2020,303.561,Oil,Gb
Iran,2020,208.6,Oil,Gb
Iraq,2020,145.019,Oil,Gb
Kuwait,2020,101.5,Oil,Gb
Oman,2020,5.373,Oil,Gb
Qatar,2020,25.244,Oil,Gb
Saudi Arabia,2020,267.082,Oil,Gb
United Arab Emirates,2020,107.0,Oil,Gb
Algeria,2020,12.2,Oil,Gb
Angola,2020,7.231,Oil,Gb
Congo,2020,1.811,Oil,Gb
Egypt,2020,3.075,Oil,Gb
Equatorial Guinea,2020,1.1,Oil,Gb
Gabon,2020,2.0,Oil,Gb
Libya,2020,48.363,Oil,Gb
Nigeria,2020,36.91,Oil,Gb
Sudan,2020,5.0,Oil,Gb
Russian federation & USSR,2020,80.0,Oil,Gb
Azerbaijan,2020,7.0,Oil,Gb
Belarus,2020,0.198,Oil,Gb
Kazakhstan,2020,30.0,Oil,Gb
Turkmenistan,2020,0.6,Oil,Gb
Ukraine,2020,0.395,Oil,Gb
Uzbekistan,2020,0.594,Oil,Gb
Canada,2021,4.855,Oil,Gb
Chile,2021,0.15,Oil,Gb
Mexico,2021,5.618,Oil,Gb
United States of America,2021,41.61,Oil,Gb
Denmark,2021,0.428,Oil,Gb
Norway,2021,7.745,Oil,Gb
United Kingdom,2021,2.0,Oil,Gb
Australia,2021,1.747,Oil,Gb
China,2021,26.491,Oil,Gb
India,2021,4.489,Oil,Gb
Brunei Darussalam,2021,1.1,Oil,Gb
Indonesia,2021,2.44,Oil,Gb
Malaysia,2021,3.6,Oil,Gb
Viet Nam,2021,4.4,Oil,Gb
Argentina,2021,2.411,Oil,Gb
Brazil,2021,11.89,Oil,Gb
Colombia,2021,1.82,Oil,Gb
Ecuador,2021,8.273,Oil,Gb
Venezuela,2021,303.468,Oil,Gb
Iran,2021,208.6,Oil,Gb
Iraq,2021,145.019,Oil,Gb
Kuwait,2021,101.5,Oil,Gb
Oman,2021,5.373,Oil,Gb
Qatar,2021,25.244,Oil,Gb
Saudi Arabia,2021,267.192,Oil,Gb
United Arab Emirates,2021,111.0,Oil,Gb
Algeria,2021,12.2,Oil,Gb
Angola,2021,2.516,Oil,Gb
Congo,2021,1.811,Oil,Gb
Egypt,2021,3.3,Oil,Gb
Equatorial Guinea,2021,1.1,Oil,Gb
Gabon,2021,2.0,Oil,Gb
Libya,2021,48.363,Oil,Gb
Nigeria,2021,37.05,Oil,Gb
Sudan,2021,5.0,Oil,Gb
Russian federation & USSR,2021,80.0,Oil,Gb
Azerbaijan,2021,7.0,Oil,Gb
Belarus,2021,0.198,Oil,Gb
Kazakhstan,2021,30.0,Oil,Gb
Turkmenistan,2021,0.6,Oil,Gb
Ukraine,2021,0.395,Oil,Gb
Uzbekistan,2021,0.594,Oil,Gb
Canada,2022,4.731,Oil,Gb
Chile,2022,0.15,Oil,Gb
Mexico,2022,5.558,Oil,Gb
United States of America,2022,45.271,Oil,Gb
Denmark,2022,0.34,Oil,Gb
Norway,2022,7.573,Oil,Gb
United Kingdom,2022,1.8,Oil,Gb
Australia,2022,1.803,Oil,Gb
China,2022,27.003,Oil,Gb
India,2022,4.37,Oil,Gb
Brunei Darussalam,2022,1.1,Oil,Gb
Indonesia,2022,2.25,Oil,Gb
Malaysia,2022,2.7,Oil,Gb
Viet Nam,2022,4.4,Oil,Gb
Argentina,2022,2.838,Oil,Gb
Brazil,2022,13.242,Oil,Gb
Colombia,2022,2.04,Oil,Gb
Ecuador,2022,8.273,Oil,Gb
Venezuela,2022,303.221,Oil,Gb
Iran,2022,208.6,Oil,Gb
Iraq,2022,145.019,Oil,Gb
Kuwait,2022,101.5,Oil,Gb
Oman,2022,4.856,Oil,Gb
Qatar,2022,25.244,Oil,Gb
Saudi Arabia,2022,267.192,Oil,Gb
United Arab Emirates,2022,113.0,Oil,Gb
Algeria,2022,12.2,Oil,Gb
Angola,2022,2.55,Oil,Gb
Congo,2022,1.811,Oil,Gb
Egypt,2022,3.3,Oil,Gb
Equatorial Guinea,2022,1.1,Oil,Gb
Gabon,2022,2.0,Oil,Gb
Libya,2022,48.363,Oil,Gb
Nigeria,2022,36.967,Oil,Gb
Sudan,2022,5.0,Oil,Gb
Russian federation & USSR,2022,80.0,Oil,Gb
Azerbaijan,2022,7.0,Oil,Gb
Belarus,2022,0.198,Oil,Gb
Kazakhstan,2022,30.0,Oil,Gb
Turkmenistan,2022,0.6,Oil,Gb
Ukraine,2022,0.395,Oil,Gb
Uzbekistan,2022,0.594,Oil,Gb
Canada,2023,4.711,Oil,Gb
Chile,2023,0.15,Oil,Gb
Mexico,2023,5.674,Oil,Gb
United States of America,2023,47.73,Oil,Gb
Denmark,2023,0.346,Oil,Gb
Norway,2023,7.642,Oil,Gb
United Kingdom,2023,1.5,Oil,Gb
Australia,2023,1.803,Oil,Gb
China,2023,27.889,Oil,Gb
India,2023,4.849,Oil,Gb
Brunei Darussalam,2023,1.1,Oil,Gb
Indonesia,2023,2.27,Oil,Gb
Malaysia,2023,2.7,Oil,Gb
Viet Nam,2023,4.4,Oil,Gb
Argentina,2023,2.924,Oil,Gb
Brazil,2023,14.856,Oil,Gb
Colombia,2023,2.074,Oil,Gb
Ecuador,2023,8.273,Oil,Gb
Venezuela,2023,303.008,Oil,Gb
Iran,2023,208.6,Oil,Gb
Iraq,2023,145.019,Oil,Gb
Kuwait,2023,101.5,Oil,Gb
Oman,2023,4.905,Oil,Gb
Qatar,2023,25.244,Oil,Gb
Saudi Arabia,2023,267.23,Oil,Gb
United Arab Emirates,2023,113.0,Oil,Gb
Algeria,2023,12.2,Oil,Gb
Angola,2023,2.55,Oil,Gb
Congo,2023,1.811,Oil,Gb
Egypt,2023,3.3,Oil,Gb
Equatorial Guinea,2023,1.1,Oil,Gb
Gabon,2023,2.0,Oil,Gb
Libya,2023,48.363,Oil,Gb
Nigeria,2023,37.5,Oil,Gb
Sudan,2023,5.0,Oil,Gb
Russian federation & USSR,2023,80.0,Oil,Gb
Azerbaijan,2023,7.0,Oil,Gb
Belarus,2023,0.198,Oil,Gb
Kazakhstan,2023,30.0,Oil,Gb
Turkmenistan,2023,0.6,Oil,Gb
Ukraine,2023,0.395,Oil,Gb
Uzbekistan,2023,0.594,Oil,Gb
